Timestamp,Repository Name,Total SLOC,Language Breakdown
2024-05-01 00:00:00,pds-view,7707,"{""Python"": 4117, ""HTML"": 1584, ""Velocity Template Language"": 920, ""Text"": 455, ""SVG"": 219, ""Markdown"": 184, ""reStructuredText"": 155, ""XML"": 41, ""YAML"": 31, ""JSON"": 1}"
2024-05-01 00:00:00,feedback-widget,1242,"{""JavaScript"": 511, ""CSS"": 507, ""Markdown"": 145, ""YAML"": 44, ""PHP"": 21, ""Bourne Shell"": 13, ""SVG"": 1}"
2024-05-01 00:00:00,nasa-pds.github.io,59745,"{""HTML"": 33360, ""JavaScript"": 11346, ""reStructuredText"": 11049, ""SVG"": 2732, ""CSS"": 797, ""Markdown"": 206, ""YAML"": 139, ""Python"": 41, ""Text"": 32, ""DOS Batch"": 26, ""make"": 13, ""JSON"": 4}"
2024-05-01 00:00:00,validate,1590816,"{""CSV"": 1044769, ""SQL"": 302504, ""XML"": 92063, ""XSD"": 61663, ""JSON"": 27068, ""Java"": 24280, ""Scheme"": 17200, ""HTML"": 9691, ""Text"": 3556, ""XSLT"": 2877, ""Markdown"": 2668, ""Properties"": 502, ""YAML"": 350, ""Velocity Template Language"": 339, ""Maven"": 338, ""Cucumber"": 230, ""Bourne Again Shell"": 208, ""DTD"": 144, ""HCL"": 135, ""Bourne Shell"": 126, ""Python"": 51, ""DOS Batch"": 34, ""Dockerfile"": 10, ""TeX"": 10}"
2024-05-01 00:00:00,pds3-product-tools,85270,"{""Java"": 82653, ""XML"": 1168, ""ANTLR Grammar"": 485, ""YAML"": 246, ""Text"": 173, ""Maven"": 167, ""Markdown"": 130, ""Properties"": 97, ""Velocity Template Language"": 75, ""HTML"": 41, ""Ant"": 31, ""JSON"": 4}"
2024-05-01 00:00:00,pds4-jparser,178064,"{""XSD"": 113673, ""HTML"": 21338, ""Java"": 13834, ""XML"": 9767, ""CSV"": 7191, ""Scheme"": 6226, ""Text"": 2273, ""SQL"": 2064, ""Velocity Template Language"": 417, ""Markdown"": 409, ""Maven"": 380, ""YAML"": 256, ""Ant"": 79, ""Properties"": 37, ""Bourne Again Shell"": 36, ""Bourne Shell"": 29, ""DOS Batch"": 29, ""XSLT"": 22, ""JSON"": 4}"
2024-05-01 00:00:00,transform,11571,"{""Java"": 4384, ""XML"": 3769, ""Velocity Template Language"": 1795, ""Python"": 580, ""Maven"": 270, ""YAML"": 252, ""Markdown"": 188, ""Text"": 169, ""XSLT"": 113, ""Bourne Shell"": 19, ""DOS Batch"": 17, ""Properties"": 8, ""JSON"": 4, ""CSV"": 3}"
2024-05-01 00:00:00,pds4-information-model,1478646,"{""XML"": 1300355, ""XSD"": 63894, ""HTML"": 40269, ""Java"": 26244, ""Scheme"": 15920, ""JavaScript"": 11791, ""Properties"": 11481, ""Text"": 2336, ""CSS"": 2295, ""Markdown"": 1662, ""YAML"": 659, ""Velocity Template Language"": 596, ""Maven"": 551, ""CSV"": 434, ""Bourne Shell"": 115, ""DOS Batch"": 31, ""SVG"": 9, ""JSON"": 4}"
2024-05-01 00:00:00,template-repo-java,864,"{""Markdown"": 335, ""YAML"": 282, ""Maven"": 87, ""XML"": 65, ""Java"": 39, ""HCL"": 29, ""Text"": 26, ""Properties"": 1}"
2024-05-01 00:00:00,harvest,5052,"{""Java"": 3013, ""XML"": 649, ""Markdown"": 574, ""XSD"": 328, ""YAML"": 233, ""Maven"": 173, ""DOS Batch"": 31, ""Text"": 26, ""Bourne Again Shell"": 21, ""JSON"": 4}"
2024-05-01 00:00:00,pdsen-maven-parent,836,"{""Maven"": 356, ""Markdown"": 257, ""YAML"": 197, ""Text"": 26}"
2024-05-01 00:00:00,deep-archive,17923,"{""HTML"": 6321, ""XML"": 4571, ""XSD"": 2920, ""Python"": 1503, ""Text"": 766, ""SQL"": 641, ""Markdown"": 557, ""reStructuredText"": 360, ""YAML"": 243, ""CSV"": 24, ""CSS"": 8, ""TOML"": 5, ""JSON"": 4}"
2024-05-01 00:00:00,doi-service,18315,"{""Python"": 9053, ""Markdown"": 2242, ""JSON"": 2232, ""XML"": 1872, ""YAML"": 907, ""XSD"": 643, ""HTML"": 523, ""reStructuredText"": 366, ""Cucumber"": 86, ""INI"": 76, ""Jupyter Notebook"": 75, ""CSV"": 73, ""Scheme"": 55, ""Bourne Shell"": 39, ""Text"": 31, ""Jinja Template"": 19, ""Dockerfile"": 9, ""CSS"": 8, ""TOML"": 6}"
2024-05-01 00:00:00,mi-label,11947,"{""Velocity Template Language"": 4321, ""Java"": 3750, ""XML"": 2937, ""Markdown"": 374, ""YAML"": 254, ""Maven"": 224, ""Bourne Shell"": 38, ""Text"": 26, ""DOS Batch"": 17, ""Properties"": 5, ""JSON"": 1}"
2024-05-01 00:00:00,pds-github-util,3779,"{""Python"": 2640, ""Markdown"": 541, ""YAML"": 281, ""Maven"": 148, ""reStructuredText"": 97, ""INI"": 28, ""Text"": 27, ""CSS"": 8, ""TOML"": 5, ""JSON"": 4}"
2024-05-01 00:00:00,template-repo-python,873,"{""Markdown"": 380, ""YAML"": 335, ""Python"": 51, ""HCL"": 29, ""Text"": 27, ""INI"": 20, ""reStructuredText"": 18, ""CSS"": 8, ""TOML"": 5}"
2024-05-01 00:00:00,software-issues-repo,186,"{""Text"": 171, ""Markdown"": 15}"
2024-05-01 00:00:00,pds-api-service,651,"{""Text"": 195, ""Java"": 152, ""Maven"": 143, ""Markdown"": 127, ""YAML"": 29, ""Properties"": 5}"
2024-05-01 00:00:00,pds-api-client,721,"{""Python"": 241, ""Text"": 195, ""YAML"": 142, ""reStructuredText"": 109, ""Markdown"": 22, ""CSS"": 8, ""JSON"": 4}"
2024-05-01 00:00:00,pds-api,14384,"{""YAML"": 9772, ""JSON"": 2087, ""Markdown"": 1675, ""reStructuredText"": 609, ""Python"": 97, ""Text"": 63, ""DOS Batch"": 26, ""INI"": 20, ""CSS"": 11, ""TeX"": 10, ""make"": 9, ""TOML"": 5}"
2024-05-01 00:00:00,pdsen-corral,312,"{""Markdown"": 226, ""YAML"": 56, ""Text"": 26, ""JSON"": 4}"
2024-05-01 00:00:00,cdrom-migration,97,"{""Markdown"": 97}"
2024-05-01 00:00:00,portal-wp-tasks,210,"{""Text"": 195, ""Markdown"": 15}"
2024-05-01 00:00:00,web-modernization,210,"{""Text"": 195, ""Markdown"": 15}"
2024-05-01 00:00:00,pds-report-service,210,"{""Text"": 195, ""Markdown"": 15}"
2024-05-01 00:00:00,pds-swg,343,"{""Text"": 195, ""Markdown"": 148}"
2024-05-01 00:00:00,operations,31856,"{""XML"": 30221, ""Python"": 627, ""YAML"": 454, ""Markdown"": 356, ""Bourne Shell"": 123, ""HTML"": 42, ""Text"": 33}"
2024-05-01 00:00:00,pds-api-javalib,1828,"{""YAML"": 1544, ""Maven"": 210, ""Markdown"": 70, ""JSON"": 4}"
2024-05-01 00:00:00,wds-web,629,"{""JavaScript"": 225, ""Text"": 195, ""CSS"": 129, ""YAML"": 44, ""Markdown"": 33, ""SVG"": 3}"
2024-05-01 00:00:00,wds-react-legacy,0,{}
2024-05-01 00:00:00,portal-tasks,3,"{""Markdown"": 3}"
2024-05-01 00:00:00,registry-mgr,3925,"{""Java"": 2769, ""Markdown"": 346, ""YAML"": 237, ""XML"": 169, ""Maven"": 158, ""JSON"": 130, ""Text"": 36, ""DOS Batch"": 31, ""CSV"": 28, ""Bourne Again Shell"": 21}"
2024-05-01 00:00:00,git-ping,392,"{""Text"": 169, ""Markdown"": 154, ""YAML"": 40, ""Dockerfile"": 19, ""Bourne Shell"": 10}"
2024-05-01 00:00:00,ldd-gen-action,316,"{""Text"": 195, ""YAML"": 67, ""Markdown"": 54}"
2024-05-01 00:00:00,pds-api-pythonlib,1560,"{""Python"": 1068, ""Text"": 195, ""Markdown"": 124, ""YAML"": 114, ""reStructuredText"": 28, ""INI"": 19, ""CSS"": 8, ""TOML"": 4}"
2024-05-01 00:00:00,github-actions-base,342,"{""Text"": 169, ""YAML"": 74, ""Markdown"": 50, ""Dockerfile"": 49}"
2024-05-01 00:00:00,roundup-action,1940,"{""Python"": 1110, ""Markdown"": 360, ""Text"": 196, ""YAML"": 194, ""Bourne Shell"": 64, ""Dockerfile"": 12, ""JSON"": 4}"
2024-05-01 00:00:00,doi-ui,64434,"{""JSON"": 40257, ""JSX"": 21520, ""JavaScript"": 1707, ""CSS"": 552, ""YAML"": 218, ""Markdown"": 101, ""PHP"": 41, ""HTML"": 27, ""SVG"": 8, ""Text"": 3}"
2024-05-01 00:00:00,tracking-service,13347,"{""Java"": 10722, ""SQL"": 1194, ""Velocity Template Language"": 452, ""Markdown"": 233, ""XML"": 220, ""Text"": 210, ""Maven"": 179, ""YAML"": 89, ""Dockerfile"": 25, ""Properties"": 14, ""Bourne Shell"": 9}"
2024-05-01 00:00:00,tracking-ui,60365,"{""JavaScript"": 32666, ""CSS"": 17331, ""SVG"": 9170, ""HTML"": 772, ""Text"": 196, ""Markdown"": 158, ""Ruby"": 72}"
2024-05-01 00:00:00,api-search-query-lexer,713,"{""Java"": 212, ""Markdown"": 202, ""Maven"": 124, ""YAML"": 115, ""ANTLR Grammar"": 26, ""Text"": 26, ""JSON"": 4, ""Properties"": 4}"
2024-05-01 00:00:00,registry-api-service,9220,"{""Java"": 4729, ""JSON"": 3122, ""Markdown"": 370, ""Maven"": 275, ""HCL"": 261, ""YAML"": 124, ""Dockerfile"": 121, ""XML"": 80, ""Python"": 76, ""Text"": 42, ""Properties"": 20}"
2024-05-01 00:00:00,registry-ingest-util-legacy,1150,"{""Python"": 816, ""Text"": 197, ""Markdown"": 122, ""Mustache"": 15}"
2024-05-01 00:00:00,registry-common,9102,"{""Java"": 8373, ""YAML"": 242, ""Markdown"": 210, ""Maven"": 145, ""XSD"": 87, ""Text"": 26, ""XML"": 19}"
2024-05-01 00:00:00,search-api-notebook,0,{}
2024-05-01 00:00:00,planetary-data-cloud,210,"{""Text"": 195, ""Markdown"": 15}"
2024-05-01 00:00:00,registry-dashboards,532,"{""Text"": 196, ""YAML"": 196, ""Markdown"": 52, ""Python"": 29, ""reStructuredText"": 28, ""INI"": 19, ""CSS"": 8, ""TOML"": 4}"
2024-05-01 00:00:00,planetarydata.org,11064,"{""Python"": 4141, ""XML"": 3308, ""Text"": 2338, ""JSON"": 429, ""CSS"": 396, ""HTML"": 157, ""JavaScript"": 103, ""Maven"": 63, ""Velocity Template Language"": 63, ""YAML"": 46, ""Markdown"": 20}"
2024-05-01 00:00:00,registry-ci,4693,"{""JSON"": 3118, ""Maven"": 670, ""Text"": 243, ""Bourne Shell"": 169, ""YAML"": 158, ""Markdown"": 120, ""HCL"": 89, ""XML"": 85, ""Dockerfile"": 27, ""Properties"": 14}"
2024-05-01 00:00:00,pds-doi-legacy,4503,"{""Python"": 3552, ""XML"": 536, ""Text"": 195, ""Markdown"": 190, ""reStructuredText"": 22, ""CSS"": 8}"
2024-05-01 00:00:00,supplementer,2621,"{""Java"": 1845, ""Markdown"": 237, ""XML"": 179, ""YAML"": 148, ""Maven"": 135, ""DOS Batch"": 31, ""Text"": 26, ""Bourne Again Shell"": 20}"
2024-05-01 00:00:00,devops,219,"{""Text"": 195, ""Markdown"": 24}"
2024-05-01 00:00:00,.github,393,"{""YAML"": 346, ""Markdown"": 47}"
2024-05-01 00:00:00,system-i-n-t,182,"{""Text"": 169, ""Markdown"": 13}"
2024-05-01 00:00:00,pds4-graph,14023,"{""Jupyter Notebook"": 12343, ""Python"": 1078, ""Markdown"": 239, ""Text"": 195, ""YAML"": 115, ""reStructuredText"": 22, ""INI"": 19, ""CSS"": 8, ""TOML"": 4}"
2024-05-01 00:00:00,pds-web-mgmt,1,"{""Markdown"": 1}"
2024-05-01 00:00:00,nucleus,2690,"{""Python"": 785, ""HCL"": 535, ""Markdown"": 512, ""reStructuredText"": 328, ""YAML"": 290, ""JSON"": 169, ""Text"": 28, ""INI"": 20, ""CSS"": 8, ""Dockerfile"": 7, ""TOML"": 5, ""Bourne Shell"": 3}"
2024-05-01 00:00:00,registry,0,{}
2024-05-01 00:00:00,ldd-manager,1199,"{""Python"": 581, ""Markdown"": 320, ""YAML"": 216, ""Text"": 27, ""reStructuredText"": 22, ""INI"": 20, ""CSS"": 8, ""TOML"": 5}"
2024-05-01 00:00:00,registry-loader,914,"{""Markdown"": 299, ""YAML"": 278, ""Bourne Shell"": 121, ""Maven"": 77, ""XML"": 51, ""Java"": 39, ""Text"": 26, ""Dockerfile"": 22, ""Properties"": 1}"
2024-05-01 00:00:00,registry-api,0,{}
2024-05-01 00:00:00,web-analytics,1122,"{""SQL"": 414, ""Markdown"": 303, ""YAML"": 166, ""Python"": 157, ""Text"": 27, ""reStructuredText"": 22, ""INI"": 20, ""CSS"": 8, ""TOML"": 5}"
2024-05-01 00:00:00,PDS-Pipelines,7507,"{""Python"": 4983, ""JSON"": 1945, ""YAML"": 234, ""Markdown"": 161, ""Jupyter Notebook"": 121, ""Text"": 20, ""Dockerfile"": 16, ""SQL"": 11, ""XML"": 11, ""Bourne Shell"": 5}"
2024-05-01 00:00:00,proxycrypt,296,"{""Markdown"": 204, ""YAML"": 39, ""Text"": 26, ""Dockerfile"": 17, ""Bourne Shell"": 10}"
2024-05-01 00:00:00,merge-branch,463,"{""JSON"": 224, ""Ruby"": 116, ""Markdown"": 85, ""YAML"": 32, ""Dockerfile"": 6}"
2024-05-01 00:00:00,pds-thin-egress-app,6783,"{""Python"": 2812, ""Jinja Template"": 1072, ""Markdown"": 764, ""YAML"": 690, ""Bourne Shell"": 420, ""Text"": 336, ""HCL"": 277, ""make"": 207, ""HTML"": 192, ""Dockerfile"": 13}"
2024-05-01 00:00:00,api-subpath,260,"{""Markdown"": 198, ""Dockerfile"": 24, ""YAML"": 19, ""Bourne Shell"": 10, ""Python"": 9}"
2024-05-01 00:00:00,planetary-data-engine,861,"{""Markdown"": 346, ""YAML"": 219, ""Jupyter Notebook"": 163, ""Python"": 51, ""Text"": 31, ""INI"": 20, ""reStructuredText"": 18, ""CSS"": 8, ""TOML"": 5}"
2024-05-01 00:00:00,data-upload-manager,3028,"{""Python"": 943, ""HCL"": 662, ""Markdown"": 357, ""reStructuredText"": 336, ""YAML"": 317, ""JSON"": 267, ""JavaScript"": 68, ""INI"": 38, ""Text"": 27, ""CSS"": 8, ""TOML"": 5}"
2024-05-01 00:00:00,template-repo-cpp,2,"{""Markdown"": 2}"
2024-05-01 00:00:00,logging-core,699,"{""Markdown"": 359, ""YAML"": 211, ""Python"": 51, ""Text"": 27, ""INI"": 20, ""reStructuredText"": 18, ""CSS"": 8, ""TOML"": 5}"
2024-05-01 00:00:00,notification-service,699,"{""Markdown"": 359, ""YAML"": 211, ""Python"": 51, ""Text"": 27, ""INI"": 20, ""reStructuredText"": 18, ""CSS"": 8, ""TOML"": 5}"
2024-05-01 00:00:00,crawler-trigger,699,"{""Markdown"": 359, ""YAML"": 211, ""Python"": 51, ""Text"": 27, ""INI"": 20, ""reStructuredText"": 18, ""CSS"": 8, ""TOML"": 5}"
2024-05-01 00:00:00,registry-sweepers,4150,"{""Python"": 2719, ""JSON"": 462, ""Markdown"": 356, ""YAML"": 327, ""HCL"": 195, ""Text"": 27, ""INI"": 20, ""reStructuredText"": 18, ""Dockerfile"": 13, ""CSS"": 8, ""TOML"": 5}"
2024-05-01 00:00:00,registry-operations,737,"{""Markdown"": 242, ""YAML"": 211, ""Python"": 206, ""Text"": 27, ""INI"": 20, ""reStructuredText"": 18, ""CSS"": 8, ""TOML"": 5}"
2024-05-01 00:00:00,monitoring,1015,"{""Markdown"": 420, ""YAML"": 272, ""HCL"": 194, ""Python"": 51, ""Text"": 27, ""INI"": 20, ""reStructuredText"": 18, ""CSS"": 8, ""TOML"": 5}"
2024-05-01 00:00:00,newman-with-testrail-reporter,197,"{""Markdown"": 162, ""YAML"": 33, ""Dockerfile"": 2}"
2024-05-01 00:00:00,llms-and-pds,1329,"{""Python"": 787, ""Markdown"": 253, ""YAML"": 211, ""Text"": 27, ""INI"": 20, ""reStructuredText"": 18, ""CSS"": 8, ""TOML"": 5}"
2024-05-01 00:00:00,lasso-issues,1759,"{""Python"": 1238, ""Markdown"": 227, ""YAML"": 215, ""Text"": 27, ""INI"": 20, ""reStructuredText"": 19, ""CSS"": 8, ""TOML"": 5}"
2024-05-01 00:00:00,lasso-releasers,1051,"{""Python"": 397, ""Markdown"": 221, ""YAML"": 204, ""Maven"": 148, ""Text"": 27, ""INI"": 21, ""reStructuredText"": 20, ""CSS"": 8, ""TOML"": 5}"
2024-05-01 00:00:00,lasso-reports,1435,"{""Python"": 973, ""Markdown"": 213, ""YAML"": 123, ""reStructuredText"": 66, ""Text"": 27, ""INI"": 20, ""CSS"": 8, ""TOML"": 5}"
2024-05-01 00:00:00,lasso-requirements,630,"{""Python"": 301, ""Markdown"": 205, ""YAML"": 45, ""Text"": 27, ""INI"": 20, ""reStructuredText"": 19, ""CSS"": 8, ""TOML"": 5}"
2024-05-01 00:00:00,wds,2815,"{""JSON"": 2239, ""Markdown"": 350, ""YAML"": 130, ""Text"": 26, ""CSS"": 17, ""HTML"": 17, ""SCSS"": 16, ""INI"": 10, ""JavaScript"": 10}"
2024-05-01 00:00:00,solr-to-es,305,"{""Python"": 247, ""Markdown"": 44, ""Text"": 14}"
2024-05-01 00:00:00,registry-legacy-solr,0,{}
2024-05-01 00:00:00,ds-view,0,{}
2024-05-01 00:00:00,email-app,1729,"{""XML"": 390, ""Velocity Template Language"": 367, ""Java"": 294, ""YAML"": 236, ""Maven"": 186, ""Markdown"": 176, ""Text"": 80}"
2024-05-01 00:00:00,pds-tf-modules,919,"{""Markdown"": 303, ""HCL"": 260, ""YAML"": 227, ""Python"": 51, ""Text"": 27, ""INI"": 20, ""reStructuredText"": 18, ""CSS"": 8, ""TOML"": 5}"
2024-05-01 00:00:00,search-ui-legacy,1622,"{""XML"": 330, ""Markdown"": 319, ""YAML"": 245, ""JSP"": 209, ""Velocity Template Language"": 207, ""Java"": 167, ""Maven"": 114, ""Text"": 31}"
2024-05-01 00:00:00,wds-react,25449,"{""JSON"": 21759, ""TypeScript"": 2612, ""Markdown"": 385, ""SCSS"": 262, ""Text"": 195, ""CSS"": 118, ""JavaScript"": 67, ""SVG"": 40, ""INI"": 11}"
2024-05-01 00:00:00,portal-legacy-docker,106,"{""make"": 50, ""Markdown"": 22, ""Dockerfile"": 21, ""YAML"": 13}"
2024-05-01 00:00:00,peppi,877,"{""YAML"": 336, ""Markdown"": 290, ""Python"": 140, ""HCL"": 29, ""Text"": 27, ""INI"": 20, ""reStructuredText"": 18, ""CSS"": 8, ""TOML"": 5, ""JSON"": 4}"
2024-05-01 00:00:00,template-repo-nodejs,617,"{""Markdown"": 239, ""YAML"": 138, ""CSS"": 98, ""JSON"": 55, ""JSX"": 41, ""Text"": 26, ""HTML"": 13, ""JavaScript"": 5, ""SVG"": 2}"
2024-05-01 00:00:00,s3-browser-cloudfront,11880,"{""JSON"": 9881, ""JavaScript"": 1007, ""SCSS"": 284, ""Markdown"": 223, ""HTML"": 215, ""YAML"": 200, ""SVG"": 66, ""Bourne Shell"": 4}"
2024-05-01 00:00:00,s3-browser-awssdk,10233,"{""JSON"": 9750, ""Markdown"": 210, ""CSS"": 99, ""YAML"": 82, ""TypeScript"": 47, ""Text"": 26, ""HTML"": 13, ""JavaScript"": 5, ""SVG"": 1}"
2024-05-01 00:00:00,nucleus-configurator,512,"{""Markdown"": 322, ""YAML"": 164, ""Text"": 26}"
2024-05-01 00:00:00,planetary-data-login,0,{}
2024-05-01 00:00:00,nucleus-data-hauler,348,"{""Markdown"": 322, ""Text"": 26}"
2024-05-01 00:00:00,registry-client,0,{}
2024-05-01 00:00:00,PlanetPatrol,0,{}
2024-05-01 00:00:00,gis-web-client,0,{}
2024-05-01 00:00:00,opensearch-java,186456,"{""Java"": 183193, ""Markdown"": 1567, ""YAML"": 482, ""XML"": 374, ""Gradle"": 356, ""Bourne Shell"": 213, ""Text"": 174, ""DOS Batch"": 69, ""Dockerfile"": 18, ""Properties"": 9, ""SVG"": 1}"
2024-05-01 00:00:00,test-react-package,0,{}
2024-05-01 00:00:00,test-react-app,0,{}
2024-05-01 00:00:00,cosmo-sign,0,{}
2024-05-01 00:00:00,pds4-context-products,0,{}
2024-05-01 00:00:00,portal-drupal,0,{}
2024-05-01 00:00:00,pds-mcp-infra,0,{}
2024-05-01 00:00:00,nucleus-tools.py,0,{}
2024-05-01 00:00:00,nucleus-tools.java,0,{}
2024-05-01 00:00:00,cloud-tools,0,{}
2024-05-01 00:00:00,pds4-viewer-support,0,{}
2025-05-29 13:29:42,pds-view,7707,"{""Python"": 4117, ""HTML"": 1584, ""Velocity Template Language"": 920, ""Text"": 455, ""SVG"": 219, ""Markdown"": 184, ""reStructuredText"": 155, ""XML"": 41, ""YAML"": 31, ""JSON"": 1}"
2025-05-29 13:29:42,feedback-widget,1265,"{""JavaScript"": 511, ""CSS"": 507, ""Markdown"": 145, ""YAML"": 67, ""PHP"": 21, ""Bourne Shell"": 13, ""SVG"": 1}"
2025-05-29 13:29:42,nasa-pds.github.io,68956,"{""HTML"": 40326, ""reStructuredText"": 13259, ""JavaScript"": 11378, ""SVG"": 2732, ""CSS"": 797, ""Markdown"": 209, ""YAML"": 139, ""Python"": 41, ""Text"": 32, ""DOS Batch"": 26, ""make"": 13, ""JSON"": 4}"
2025-05-29 13:29:42,validate,1622349,"{""CSV"": 1048567, ""SQL"": 302504, ""XML"": 99866, ""XSD"": 70937, ""JSON"": 39122, ""Java"": 24187, ""Scheme"": 20415, ""Text"": 5107, ""Markdown"": 3397, ""XSLT"": 2877, ""HTML"": 2714, ""Properties"": 502, ""Maven"": 397, ""YAML"": 386, ""Velocity Template Language"": 350, ""Cucumber"": 285, ""Bourne Again Shell"": 208, ""DTD"": 144, ""HCL"": 135, ""Bourne Shell"": 126, ""Python"": 71, ""DOS Batch"": 32, ""Dockerfile"": 10, ""TeX"": 10}"
2025-05-29 13:29:42,pds3-product-tools,85298,"{""Java"": 82653, ""XML"": 1168, ""ANTLR Grammar"": 485, ""YAML"": 257, ""Maven"": 178, ""Text"": 173, ""Markdown"": 136, ""Properties"": 97, ""Velocity Template Language"": 75, ""HTML"": 41, ""Ant"": 31, ""JSON"": 4}"
2025-05-29 13:29:42,pds4-jparser,186399,"{""XSD"": 121884, ""HTML"": 21338, ""Java"": 13905, ""XML"": 9767, ""CSV"": 7191, ""Scheme"": 6226, ""Text"": 2273, ""SQL"": 2064, ""Markdown"": 422, ""Velocity Template Language"": 417, ""Maven"": 390, ""YAML"": 286, ""Ant"": 79, ""Properties"": 37, ""Bourne Again Shell"": 36, ""Bourne Shell"": 29, ""DOS Batch"": 29, ""XSLT"": 22, ""JSON"": 4}"
2025-05-29 13:29:42,transform,11625,"{""Java"": 4384, ""XML"": 3769, ""Velocity Template Language"": 1795, ""Python"": 580, ""Maven"": 292, ""YAML"": 284, ""Markdown"": 188, ""Text"": 169, ""XSLT"": 113, ""Bourne Shell"": 19, ""DOS Batch"": 17, ""Properties"": 8, ""JSON"": 4, ""CSV"": 3}"
2025-05-29 13:29:42,pds4-information-model,1590338,"{""XML"": 1342110, ""XSD"": 72962, ""JSON"": 53156, ""HTML"": 40269, ""Java"": 26680, ""Scheme"": 19017, ""Properties"": 13896, ""JavaScript"": 11791, ""Text"": 3174, ""CSS"": 2295, ""Markdown"": 2242, ""YAML"": 704, ""Maven"": 619, ""Velocity Template Language"": 596, ""CSV"": 516, ""Bourne Shell"": 138, ""Cucumber"": 78, ""Python"": 50, ""DOS Batch"": 33, ""SVG"": 9, ""SQL"": 3}"
2025-05-29 13:29:42,template-repo-java,902,"{""Markdown"": 338, ""YAML"": 286, ""Maven"": 114, ""XML"": 65, ""Java"": 39, ""HCL"": 29, ""Text"": 26, ""Properties"": 5}"
2025-05-29 13:29:42,harvest,5266,"{""Java"": 2916, ""Markdown"": 903, ""XML"": 649, ""YAML"": 278, ""XSD"": 242, ""Maven"": 196, ""DOS Batch"": 31, ""Text"": 26, ""Bourne Again Shell"": 21, ""JSON"": 4}"
2025-05-29 13:29:42,pdsen-maven-parent,852,"{""Maven"": 342, ""Markdown"": 261, ""YAML"": 223, ""Text"": 26}"
2025-05-29 13:29:42,deep-archive,21192,"{""HTML"": 7128, ""XML"": 6765, ""XSD"": 2920, ""Python"": 1547, ""Text"": 797, ""SQL"": 680, ""Markdown"": 641, ""reStructuredText"": 360, ""YAML"": 262, ""CSV"": 51, ""INI"": 24, ""CSS"": 8, ""TOML"": 5, ""JSON"": 4}"
2025-05-29 13:29:42,doi-service,18448,"{""Python"": 9053, ""Markdown"": 2373, ""JSON"": 2232, ""XML"": 1872, ""YAML"": 907, ""XSD"": 643, ""HTML"": 523, ""reStructuredText"": 368, ""Cucumber"": 86, ""INI"": 76, ""Jupyter Notebook"": 75, ""CSV"": 73, ""Scheme"": 55, ""Bourne Shell"": 39, ""Text"": 31, ""Jinja Template"": 19, ""Dockerfile"": 9, ""CSS"": 8, ""TOML"": 6}"
2025-05-29 13:29:42,mi-label,12078,"{""Velocity Template Language"": 4363, ""Java"": 3625, ""XML"": 2990, ""Markdown"": 393, ""YAML"": 284, ""Maven"": 246, ""JSON"": 91, ""Bourne Shell"": 38, ""Text"": 26, ""DOS Batch"": 17, ""Properties"": 5}"
2025-05-29 13:29:42,pds-github-util,3787,"{""Python"": 2640, ""Markdown"": 549, ""YAML"": 281, ""Maven"": 148, ""reStructuredText"": 97, ""INI"": 28, ""Text"": 27, ""CSS"": 8, ""TOML"": 5, ""JSON"": 4}"
2025-05-29 13:29:42,template-repo-python,945,"{""YAML"": 394, ""Markdown"": 384, ""Python"": 60, ""HCL"": 29, ""Text"": 27, ""INI"": 20, ""reStructuredText"": 18, ""CSS"": 8, ""TOML"": 5}"
2025-05-29 13:29:42,software-issues-repo,186,"{""Text"": 171, ""Markdown"": 15}"
2025-05-29 13:29:42,pds-api-service,651,"{""Text"": 195, ""Java"": 152, ""Maven"": 143, ""Markdown"": 127, ""YAML"": 29, ""Properties"": 5}"
2025-05-29 13:29:42,pds-api-client,750,"{""Python"": 244, ""Text"": 195, ""YAML"": 165, ""reStructuredText"": 112, ""Markdown"": 22, ""CSS"": 8, ""JSON"": 4}"
2025-05-29 13:29:42,pds-api,15328,"{""YAML"": 10836, ""JSON"": 2087, ""Markdown"": 1566, ""reStructuredText"": 592, ""Python"": 103, ""Text"": 63, ""DOS Batch"": 26, ""INI"": 20, ""CSS"": 11, ""TeX"": 10, ""make"": 9, ""TOML"": 5}"
2025-05-29 13:29:42,pdsen-corral,313,"{""Markdown"": 226, ""YAML"": 57, ""Text"": 26, ""JSON"": 4}"
2025-05-29 13:29:42,cdrom-migration,97,"{""Markdown"": 97}"
2025-05-29 13:29:42,portal-wp-tasks,210,"{""Text"": 195, ""Markdown"": 15}"
2025-05-29 13:29:42,web-modernization,210,"{""Text"": 195, ""Markdown"": 15}"
2025-05-29 13:29:42,pds-report-service,210,"{""Text"": 195, ""Markdown"": 15}"
2025-05-29 13:29:42,pds-swg,343,"{""Text"": 195, ""Markdown"": 148}"
2025-05-29 13:29:42,operations,51680,"{""XML"": 49625, ""Python"": 956, ""YAML"": 566, ""Markdown"": 343, ""Bourne Shell"": 123, ""HTML"": 35, ""Text"": 32}"
2025-05-29 13:29:42,pds-api-javalib,1828,"{""YAML"": 1544, ""Maven"": 210, ""Markdown"": 70, ""JSON"": 4}"
2025-05-29 13:29:42,wds-web,629,"{""JavaScript"": 225, ""Text"": 195, ""CSS"": 129, ""YAML"": 44, ""Markdown"": 33, ""SVG"": 3}"
2025-05-29 13:29:42,wds-react-legacy,86720,"{""JSON"": 80700, ""JavaScript"": 5292, ""YAML"": 240, ""Text"": 198, ""Markdown"": 130, ""CSS"": 108, ""HTML"": 51, ""SVG"": 1}"
2025-05-29 13:29:42,portal-tasks,3,"{""Markdown"": 3}"
2025-05-29 13:29:42,registry-mgr,3587,"{""Java"": 2236, ""Markdown"": 472, ""YAML"": 282, ""Maven"": 182, ""XML"": 169, ""JSON"": 130, ""Text"": 36, ""DOS Batch"": 31, ""CSV"": 28, ""Bourne Again Shell"": 21}"
2025-05-29 13:29:42,git-ping,392,"{""Text"": 169, ""Markdown"": 154, ""YAML"": 40, ""Dockerfile"": 19, ""Bourne Shell"": 10}"
2025-05-29 13:29:42,ldd-gen-action,316,"{""Text"": 195, ""YAML"": 67, ""Markdown"": 54}"
2025-05-29 13:29:42,pds-api-pythonlib,1560,"{""Python"": 1068, ""Text"": 195, ""Markdown"": 124, ""YAML"": 114, ""reStructuredText"": 28, ""INI"": 19, ""CSS"": 8, ""TOML"": 4}"
2025-05-29 13:29:42,github-actions-base,342,"{""Text"": 169, ""YAML"": 74, ""Markdown"": 50, ""Dockerfile"": 49}"
2025-05-29 13:29:42,roundup-action,2013,"{""Python"": 1145, ""Markdown"": 360, ""Text"": 196, ""YAML"": 194, ""Bourne Shell"": 64, ""Dockerfile"": 50, ""JSON"": 4}"
2025-05-29 13:29:42,doi-ui,64435,"{""JSON"": 40257, ""JSX"": 21520, ""JavaScript"": 1707, ""CSS"": 552, ""YAML"": 219, ""Markdown"": 101, ""PHP"": 41, ""HTML"": 27, ""SVG"": 8, ""Text"": 3}"
2025-05-29 13:29:42,tracking-service,13347,"{""Java"": 10722, ""SQL"": 1194, ""Velocity Template Language"": 452, ""Markdown"": 233, ""XML"": 220, ""Text"": 210, ""Maven"": 179, ""YAML"": 89, ""Dockerfile"": 25, ""Properties"": 14, ""Bourne Shell"": 9}"
2025-05-29 13:29:42,tracking-ui,60365,"{""JavaScript"": 32666, ""CSS"": 17331, ""SVG"": 9170, ""HTML"": 772, ""Text"": 196, ""Markdown"": 158, ""Ruby"": 72}"
2025-05-29 13:29:42,api-search-query-lexer,713,"{""Java"": 212, ""Markdown"": 202, ""Maven"": 124, ""YAML"": 115, ""ANTLR Grammar"": 26, ""Text"": 26, ""JSON"": 4, ""Properties"": 4}"
2025-05-29 13:29:42,registry-api-service,9220,"{""Java"": 4729, ""JSON"": 3122, ""Markdown"": 370, ""Maven"": 275, ""HCL"": 261, ""YAML"": 124, ""Dockerfile"": 121, ""XML"": 80, ""Python"": 76, ""Text"": 42, ""Properties"": 20}"
2025-05-29 13:29:42,registry-ingest-util-legacy,1150,"{""Python"": 816, ""Text"": 197, ""Markdown"": 122, ""Mustache"": 15}"
2025-05-29 13:29:42,registry-common,10020,"{""Java"": 9110, ""YAML"": 274, ""Markdown"": 266, ""Maven"": 140, ""XSD"": 108, ""XML"": 96, ""Text"": 26}"
2025-05-29 13:29:42,search-api-notebook,1561,"{""Markdown"": 872, ""Jupyter Notebook"": 558, ""YAML"": 81, ""Text"": 46, ""JSON"": 4}"
2025-05-29 13:29:42,planetary-data-cloud,711,"{""Markdown"": 240, ""HCL"": 204, ""Text"": 195, ""Python"": 72}"
2025-05-29 13:29:42,registry-dashboards,532,"{""Text"": 196, ""YAML"": 196, ""Markdown"": 52, ""Python"": 29, ""reStructuredText"": 28, ""INI"": 19, ""CSS"": 8, ""TOML"": 4}"
2025-05-29 13:29:42,planetarydata.org,11064,"{""Python"": 4141, ""XML"": 3308, ""Text"": 2338, ""JSON"": 429, ""CSS"": 396, ""HTML"": 157, ""JavaScript"": 103, ""Maven"": 63, ""Velocity Template Language"": 63, ""YAML"": 46, ""Markdown"": 20}"
2025-05-29 13:29:42,registry-ci,4693,"{""JSON"": 3118, ""Maven"": 670, ""Text"": 243, ""Bourne Shell"": 169, ""YAML"": 158, ""Markdown"": 120, ""HCL"": 89, ""XML"": 85, ""Dockerfile"": 27, ""Properties"": 14}"
2025-05-29 13:29:42,pds-doi-legacy,4503,"{""Python"": 3552, ""XML"": 536, ""Text"": 195, ""Markdown"": 190, ""reStructuredText"": 22, ""CSS"": 8}"
2025-05-29 13:29:42,supplementer,2621,"{""Java"": 1845, ""Markdown"": 237, ""XML"": 179, ""YAML"": 148, ""Maven"": 135, ""DOS Batch"": 31, ""Text"": 26, ""Bourne Again Shell"": 20}"
2025-05-29 13:29:42,devops,219,"{""Text"": 195, ""Markdown"": 24}"
2025-05-29 13:29:42,.github,435,"{""YAML"": 388, ""Markdown"": 47}"
2025-05-29 13:29:42,system-i-n-t,170,"{""Text"": 169, ""Markdown"": 1}"
2025-05-29 13:29:42,pds4-graph,14023,"{""Jupyter Notebook"": 12343, ""Python"": 1078, ""Markdown"": 239, ""Text"": 195, ""YAML"": 115, ""reStructuredText"": 22, ""INI"": 19, ""CSS"": 8, ""TOML"": 4}"
2025-05-29 13:29:42,pds-web-mgmt,1,"{""Markdown"": 1}"
2025-05-29 13:29:42,nucleus,5206,"{""HCL"": 2402, ""Python"": 1105, ""Markdown"": 614, ""reStructuredText"": 328, ""YAML"": 309, ""JSON"": 218, ""Bourne Shell"": 108, ""Text"": 41, ""SQL"": 25, ""Dockerfile"": 23, ""INI"": 20, ""CSS"": 8, ""TOML"": 5}"
2025-05-29 13:29:42,registry,8040,"{""JSON"": 4193, ""Markdown"": 1680, ""Python"": 616, ""reStructuredText"": 556, ""YAML"": 439, ""XML"": 295, ""Bourne Shell"": 130, ""Properties"": 36, ""Text"": 27, ""DOS Batch"": 26, ""INI"": 20, ""make"": 9, ""CSS"": 8, ""TOML"": 5}"
2025-05-29 13:29:42,ldd-manager,1199,"{""Python"": 581, ""Markdown"": 320, ""YAML"": 216, ""Text"": 27, ""reStructuredText"": 22, ""INI"": 20, ""CSS"": 8, ""TOML"": 5}"
2025-05-29 13:29:42,registry-loader,937,"{""Markdown"": 311, ""YAML"": 284, ""Bourne Shell"": 118, ""Maven"": 77, ""XML"": 57, ""Java"": 39, ""Text"": 26, ""Dockerfile"": 24, ""Properties"": 1}"
2025-05-29 13:29:42,registry-api,11076,"{""Java"": 5392, ""Markdown"": 1812, ""YAML"": 1734, ""Maven"": 930, ""Python"": 416, ""HCL"": 251, ""JavaScript"": 134, ""Text"": 89, ""XML"": 80, ""HTML"": 59, ""ANTLR Grammar"": 52, ""Dockerfile"": 42, ""CSS"": 39, ""Properties"": 37, ""Bourne Shell"": 5, ""JSON"": 4}"
2025-05-29 13:29:42,web-analytics,1123,"{""SQL"": 414, ""Markdown"": 304, ""YAML"": 166, ""Python"": 157, ""Text"": 27, ""reStructuredText"": 22, ""INI"": 20, ""CSS"": 8, ""TOML"": 5}"
2025-05-29 13:29:42,PDS-Pipelines,7507,"{""Python"": 4983, ""JSON"": 1945, ""YAML"": 234, ""Markdown"": 161, ""Jupyter Notebook"": 121, ""Text"": 20, ""Dockerfile"": 16, ""SQL"": 11, ""XML"": 11, ""Bourne Shell"": 5}"
2025-05-29 13:29:42,proxycrypt,296,"{""Markdown"": 204, ""YAML"": 39, ""Text"": 26, ""Dockerfile"": 17, ""Bourne Shell"": 10}"
2025-05-29 13:29:42,merge-branch,463,"{""JSON"": 224, ""Ruby"": 116, ""Markdown"": 85, ""YAML"": 32, ""Dockerfile"": 6}"
2025-05-29 13:29:42,pds-thin-egress-app,6783,"{""Python"": 2812, ""Jinja Template"": 1072, ""Markdown"": 764, ""YAML"": 690, ""Bourne Shell"": 420, ""Text"": 336, ""HCL"": 277, ""make"": 207, ""HTML"": 192, ""Dockerfile"": 13}"
2025-05-29 13:29:42,api-subpath,260,"{""Markdown"": 198, ""Dockerfile"": 24, ""YAML"": 19, ""Bourne Shell"": 10, ""Python"": 9}"
2025-05-29 13:29:42,planetary-data-engine,861,"{""Markdown"": 346, ""YAML"": 219, ""Jupyter Notebook"": 163, ""Python"": 51, ""Text"": 31, ""INI"": 20, ""reStructuredText"": 18, ""CSS"": 8, ""TOML"": 5}"
2025-05-29 13:29:42,data-upload-manager,5459,"{""Python"": 2414, ""HCL"": 963, ""Markdown"": 634, ""JSON"": 539, ""reStructuredText"": 393, ""YAML"": 339, ""JavaScript"": 76, ""INI"": 56, ""Text"": 27, ""CSS"": 8, ""Bourne Shell"": 5, ""TOML"": 5}"
2025-05-29 13:29:42,template-repo-cpp,2,"{""Markdown"": 2}"
2025-05-29 13:29:42,logging-core,699,"{""Markdown"": 359, ""YAML"": 211, ""Python"": 51, ""Text"": 27, ""INI"": 20, ""reStructuredText"": 18, ""CSS"": 8, ""TOML"": 5}"
2025-05-29 13:29:42,notification-service,699,"{""Markdown"": 359, ""YAML"": 211, ""Python"": 51, ""Text"": 27, ""INI"": 20, ""reStructuredText"": 18, ""CSS"": 8, ""TOML"": 5}"
2025-05-29 13:29:42,crawler-trigger,699,"{""Markdown"": 359, ""YAML"": 211, ""Python"": 51, ""Text"": 27, ""INI"": 20, ""reStructuredText"": 18, ""CSS"": 8, ""TOML"": 5}"
2025-05-29 13:29:42,registry-sweepers,4937,"{""Python"": 3446, ""Markdown"": 523, ""JSON"": 462, ""YAML"": 352, ""HCL"": 63, ""Text"": 27, ""INI"": 20, ""reStructuredText"": 18, ""Dockerfile"": 13, ""CSS"": 8, ""TOML"": 5}"
2025-05-29 13:29:42,registry-operations,816,"{""Markdown"": 253, ""Python"": 244, ""YAML"": 211, ""JSON"": 30, ""Text"": 27, ""INI"": 20, ""reStructuredText"": 18, ""CSS"": 8, ""TOML"": 5}"
2025-05-29 13:29:42,monitoring,1098,"{""Markdown"": 431, ""YAML"": 344, ""HCL"": 194, ""Python"": 51, ""Text"": 27, ""INI"": 20, ""reStructuredText"": 18, ""CSS"": 8, ""TOML"": 5}"
2025-05-29 13:29:42,newman-with-testrail-reporter,197,"{""Markdown"": 162, ""YAML"": 33, ""Dockerfile"": 2}"
2025-05-29 13:29:42,llms-and-pds,1329,"{""Python"": 787, ""Markdown"": 253, ""YAML"": 211, ""Text"": 27, ""INI"": 20, ""reStructuredText"": 18, ""CSS"": 8, ""TOML"": 5}"
2025-05-29 13:29:42,lasso-issues,1963,"{""Python"": 1437, ""Markdown"": 232, ""YAML"": 215, ""Text"": 27, ""INI"": 20, ""reStructuredText"": 19, ""CSS"": 8, ""TOML"": 5}"
2025-05-29 13:29:42,lasso-releasers,1051,"{""Python"": 397, ""Markdown"": 221, ""YAML"": 204, ""Maven"": 148, ""Text"": 27, ""INI"": 21, ""reStructuredText"": 20, ""CSS"": 8, ""TOML"": 5}"
2025-05-29 13:29:42,lasso-reports,1435,"{""Python"": 973, ""Markdown"": 213, ""YAML"": 123, ""reStructuredText"": 66, ""Text"": 27, ""INI"": 20, ""CSS"": 8, ""TOML"": 5}"
2025-05-29 13:29:42,lasso-requirements,630,"{""Python"": 301, ""Markdown"": 205, ""YAML"": 45, ""Text"": 27, ""INI"": 20, ""reStructuredText"": 19, ""CSS"": 8, ""TOML"": 5}"
2025-05-29 13:29:42,wds,3438,"{""JSON"": 2044, ""SCSS"": 449, ""Markdown"": 350, ""SVG"": 327, ""YAML"": 188, ""Text"": 26, ""CSS"": 17, ""HTML"": 17, ""INI"": 10, ""JavaScript"": 10}"
2025-05-29 13:29:42,solr-to-es,305,"{""Python"": 247, ""Markdown"": 44, ""Text"": 14}"
2025-05-29 13:29:42,registry-legacy-solr,103831,"{""XML"": 63112, ""Java"": 26851, ""HTML"": 6427, ""XSD"": 1448, ""Markdown"": 1174, ""Text"": 909, ""XSLT"": 828, ""Maven"": 820, ""Velocity Template Language"": 514, ""SQL"": 444, ""Bourne Shell"": 355, ""YAML"": 328, ""Properties"": 196, ""Python"": 154, ""Bourne Again Shell"": 112, ""DOS Batch"": 69, ""CSV"": 63, ""JSON"": 20, ""Dockerfile"": 7}"
2025-05-29 13:29:42,ds-view,7292,"{""JSP"": 3803, ""Java"": 1473, ""XML"": 1033, ""YAML"": 277, ""Markdown"": 259, ""Velocity Template Language"": 221, ""Maven"": 176, ""Text"": 41, ""Dockerfile"": 9}"
2025-05-29 13:29:42,email-app,1729,"{""XML"": 390, ""Velocity Template Language"": 367, ""Java"": 294, ""YAML"": 236, ""Maven"": 186, ""Markdown"": 176, ""Text"": 80}"
2025-05-29 13:29:42,pds-tf-modules,2478,"{""HCL"": 1168, ""Markdown"": 691, ""YAML"": 393, ""JSON"": 57, ""Python"": 51, ""JavaScript"": 40, ""Text"": 27, ""INI"": 20, ""reStructuredText"": 18, ""CSS"": 8, ""TOML"": 5}"
2025-05-29 13:29:42,search-ui-legacy,1767,"{""Markdown"": 336, ""XML"": 330, ""YAML"": 270, ""Java"": 263, ""JSP"": 213, ""Velocity Template Language"": 207, ""Maven"": 117, ""Text"": 31}"
2025-05-29 13:29:42,wds-react,29015,"{""JSON"": 22626, ""TypeScript"": 4545, ""SCSS"": 825, ""Markdown"": 417, ""Text"": 195, ""YAML"": 167, ""CSS"": 118, ""JavaScript"": 71, ""SVG"": 40, ""INI"": 11}"
2025-05-29 13:29:42,portal-legacy-docker,106,"{""make"": 50, ""Markdown"": 22, ""Dockerfile"": 21, ""YAML"": 13}"
2025-05-29 13:29:42,peppi,1517,"{""Python"": 556, ""Markdown"": 531, ""YAML"": 322, ""reStructuredText"": 44, ""Text"": 27, ""INI"": 20, ""CSS"": 8, ""TOML"": 5, ""JSON"": 4}"
2025-05-29 13:29:42,template-repo-nodejs,9161,"{""JSON"": 8553, ""Markdown"": 239, ""YAML"": 184, ""CSS"": 98, ""JSX"": 41, ""Text"": 26, ""HTML"": 13, ""JavaScript"": 5, ""SVG"": 2}"
2025-05-29 13:29:42,s3-browser-cloudfront,12094,"{""JSON"": 10072, ""JavaScript"": 1000, ""SCSS"": 284, ""Markdown"": 230, ""YAML"": 223, ""HTML"": 215, ""SVG"": 66, ""Bourne Shell"": 4}"
2025-05-29 13:29:42,s3-browser-awssdk,10324,"{""JSON"": 9750, ""Markdown"": 210, ""YAML"": 173, ""CSS"": 99, ""TypeScript"": 47, ""Text"": 26, ""HTML"": 13, ""JavaScript"": 5, ""SVG"": 1}"
2025-05-29 13:29:42,nucleus-configurator,512,"{""Markdown"": 322, ""YAML"": 164, ""Text"": 26}"
2025-05-29 13:29:42,planetary-data-login,0,{}
2025-05-29 13:29:42,nucleus-data-hauler,348,"{""Markdown"": 322, ""Text"": 26}"
2025-05-29 13:29:42,registry-client,1402,"{""Markdown"": 369, ""YAML"": 327, ""reStructuredText"": 302, ""Python"": 262, ""JSON"": 53, ""HCL"": 29, ""Text"": 27, ""INI"": 20, ""CSS"": 8, ""TOML"": 5}"
2025-05-29 13:29:42,PlanetPatrol,871,"{""YAML"": 347, ""JSON"": 284, ""Markdown"": 210, ""Text"": 26, ""SVG"": 4}"
2025-05-29 13:29:42,gis-web-client,1337,"{""JavaScript"": 518, ""Markdown"": 241, ""CSS"": 202, ""YAML"": 188, ""HTML"": 64, ""JSON"": 55, ""JSX"": 41, ""Text"": 26, ""SVG"": 2}"
2025-05-29 13:29:42,opensearch-java,242189,"{""Java"": 188673, ""YAML"": 49370, ""Markdown"": 1699, ""XML"": 736, ""Mustache"": 599, ""Gradle"": 586, ""Bourne Shell"": 214, ""Text"": 210, ""DOS Batch"": 71, ""Dockerfile"": 19, ""Properties"": 11, ""SVG"": 1}"
2025-05-29 13:29:42,test-react-package,4490,"{""JSON"": 4300, ""TypeScript"": 151, ""JavaScript"": 30, ""SCSS"": 9}"
2025-05-29 13:29:42,test-react-app,4128,"{""JSON"": 3874, ""CSS"": 98, ""TypeScript"": 74, ""Markdown"": 40, ""JavaScript"": 27, ""HTML"": 13, ""SVG"": 2}"
2025-05-29 13:29:42,cosmo-sign,827,"{""YAML"": 335, ""Markdown"": 334, ""Python"": 51, ""HCL"": 29, ""Text"": 27, ""INI"": 20, ""reStructuredText"": 18, ""CSS"": 8, ""TOML"": 5}"
2025-05-29 13:29:42,pds4-context-products,305146,"{""XML"": 301764, ""CSV"": 3131, ""Text"": 195, ""Markdown"": 52, ""SQL"": 4}"
2025-05-29 13:29:42,portal-drupal,639,"{""HCL"": 310, ""Markdown"": 242, ""YAML"": 49, ""Text"": 27, ""Dockerfile"": 8, ""Bourne Shell"": 3}"
2025-05-29 13:29:42,pds-mcp-infra,879,"{""Markdown"": 384, ""YAML"": 337, ""Python"": 51, ""HCL"": 29, ""Text"": 27, ""INI"": 20, ""reStructuredText"": 18, ""CSS"": 8, ""TOML"": 5}"
2025-05-29 13:29:42,nucleus-tools.py,840,"{""Markdown"": 345, ""YAML"": 337, ""Python"": 51, ""HCL"": 29, ""Text"": 27, ""INI"": 20, ""reStructuredText"": 18, ""CSS"": 8, ""TOML"": 5}"
2025-05-29 13:29:42,nucleus-tools.java,1023,"{""Markdown"": 326, ""YAML"": 316, ""Maven"": 137, ""Java"": 113, ""XML"": 65, ""HCL"": 29, ""Text"": 26, ""Dockerfile"": 6, ""Properties"": 5}"
2025-05-29 13:29:42,cloud-tools,1038,"{""YAML"": 337, ""Markdown"": 313, ""Python"": 281, ""HCL"": 29, ""Text"": 27, ""INI"": 20, ""reStructuredText"": 18, ""CSS"": 8, ""TOML"": 5}"
2025-05-29 13:29:42,pds4-viewer-support,2,"{""Markdown"": 2}"
2025-05-29 13:29:42,RSdataViewer,833,"{""Markdown"": 340, ""YAML"": 335, ""Python"": 51, ""HCL"": 29, ""Text"": 27, ""INI"": 20, ""reStructuredText"": 18, ""CSS"": 8, ""TOML"": 5}"
2025-06-25 13:31:33,pds-view,7707,"{""Python"": 4117, ""HTML"": 1584, ""Velocity Template Language"": 920, ""Text"": 455, ""SVG"": 219, ""Markdown"": 184, ""reStructuredText"": 155, ""XML"": 41, ""YAML"": 31, ""JSON"": 1}"
2025-06-25 13:31:33,feedback-widget,1265,"{""JavaScript"": 511, ""CSS"": 507, ""Markdown"": 145, ""YAML"": 67, ""PHP"": 21, ""Bourne Shell"": 13, ""SVG"": 1}"
2025-06-25 13:31:33,nasa-pds.github.io,70515,"{""HTML"": 41592, ""reStructuredText"": 13552, ""JavaScript"": 11378, ""SVG"": 2732, ""CSS"": 797, ""Markdown"": 209, ""YAML"": 139, ""Python"": 41, ""Text"": 32, ""DOS Batch"": 26, ""make"": 13, ""JSON"": 4}"
2025-06-25 13:31:33,validate,1623261,"{""CSV"": 1048569, ""SQL"": 302504, ""XML"": 100525, ""XSD"": 70937, ""JSON"": 39203, ""Java"": 24200, ""Scheme"": 20415, ""Text"": 5107, ""Markdown"": 3574, ""XSLT"": 2877, ""HTML"": 2714, ""Properties"": 502, ""YAML"": 386, ""Maven"": 372, ""Velocity Template Language"": 350, ""Cucumber"": 288, ""Bourne Again Shell"": 210, ""DTD"": 144, ""HCL"": 135, ""Bourne Shell"": 126, ""Python"": 71, ""DOS Batch"": 32, ""Dockerfile"": 10, ""TeX"": 10}"
2025-06-25 13:31:33,pds3-product-tools,85298,"{""Java"": 82653, ""XML"": 1168, ""ANTLR Grammar"": 485, ""YAML"": 257, ""Maven"": 178, ""Text"": 173, ""Markdown"": 136, ""Properties"": 97, ""Velocity Template Language"": 75, ""HTML"": 41, ""Ant"": 31, ""JSON"": 4}"
2025-06-25 13:31:33,pds4-jparser,186399,"{""XSD"": 121884, ""HTML"": 21338, ""Java"": 13905, ""XML"": 9767, ""CSV"": 7191, ""Scheme"": 6226, ""Text"": 2273, ""SQL"": 2064, ""Markdown"": 422, ""Velocity Template Language"": 417, ""Maven"": 390, ""YAML"": 286, ""Ant"": 79, ""Properties"": 37, ""Bourne Again Shell"": 36, ""Bourne Shell"": 29, ""DOS Batch"": 29, ""XSLT"": 22, ""JSON"": 4}"
2025-06-25 13:31:33,transform,11625,"{""Java"": 4384, ""XML"": 3769, ""Velocity Template Language"": 1795, ""Python"": 580, ""Maven"": 292, ""YAML"": 284, ""Markdown"": 188, ""Text"": 169, ""XSLT"": 113, ""Bourne Shell"": 19, ""DOS Batch"": 17, ""Properties"": 8, ""JSON"": 4, ""CSV"": 3}"
2025-06-25 13:31:33,pds4-information-model,1590344,"{""XML"": 1342110, ""XSD"": 72962, ""JSON"": 53156, ""HTML"": 40269, ""Java"": 26684, ""Scheme"": 19017, ""Properties"": 13896, ""JavaScript"": 11791, ""Text"": 3174, ""CSS"": 2295, ""Markdown"": 2244, ""YAML"": 704, ""Maven"": 619, ""Velocity Template Language"": 596, ""CSV"": 516, ""Bourne Shell"": 138, ""Cucumber"": 78, ""Python"": 50, ""DOS Batch"": 33, ""SVG"": 9, ""SQL"": 3}"
2025-06-25 13:31:33,template-repo-java,902,"{""Markdown"": 338, ""YAML"": 286, ""Maven"": 114, ""XML"": 65, ""Java"": 39, ""HCL"": 29, ""Text"": 26, ""Properties"": 5}"
2025-06-25 13:31:33,harvest,5270,"{""Java"": 2916, ""Markdown"": 907, ""XML"": 649, ""YAML"": 278, ""XSD"": 242, ""Maven"": 196, ""DOS Batch"": 31, ""Text"": 26, ""Bourne Again Shell"": 21, ""JSON"": 4}"
2025-06-25 13:31:33,pdsen-maven-parent,778,"{""Maven"": 334, ""Markdown"": 261, ""YAML"": 157, ""Text"": 26}"
2025-06-25 13:31:33,deep-archive,21192,"{""HTML"": 7128, ""XML"": 6765, ""XSD"": 2920, ""Python"": 1547, ""Text"": 797, ""SQL"": 680, ""Markdown"": 641, ""reStructuredText"": 360, ""YAML"": 262, ""CSV"": 51, ""INI"": 24, ""CSS"": 8, ""TOML"": 5, ""JSON"": 4}"
2025-06-25 13:31:33,doi-service,18481,"{""Python"": 9125, ""Markdown"": 2377, ""JSON"": 2232, ""XML"": 1872, ""YAML"": 859, ""XSD"": 643, ""HTML"": 523, ""reStructuredText"": 368, ""Cucumber"": 86, ""INI"": 80, ""Jupyter Notebook"": 75, ""CSV"": 73, ""Scheme"": 55, ""Bourne Shell"": 39, ""Text"": 31, ""Jinja Template"": 19, ""Dockerfile"": 9, ""CSS"": 8, ""TOML"": 7}"
2025-06-25 13:31:33,mi-label,12078,"{""Velocity Template Language"": 4363, ""Java"": 3625, ""XML"": 2990, ""Markdown"": 393, ""YAML"": 284, ""Maven"": 246, ""JSON"": 91, ""Bourne Shell"": 38, ""Text"": 26, ""DOS Batch"": 17, ""Properties"": 5}"
2025-06-25 13:31:33,pds-github-util,3787,"{""Python"": 2640, ""Markdown"": 549, ""YAML"": 281, ""Maven"": 148, ""reStructuredText"": 97, ""INI"": 28, ""Text"": 27, ""CSS"": 8, ""TOML"": 5, ""JSON"": 4}"
2025-06-25 13:31:33,template-repo-python,945,"{""YAML"": 394, ""Markdown"": 384, ""Python"": 60, ""HCL"": 29, ""Text"": 27, ""INI"": 20, ""reStructuredText"": 18, ""CSS"": 8, ""TOML"": 5}"
2025-06-25 13:31:33,software-issues-repo,186,"{""Text"": 171, ""Markdown"": 15}"
2025-06-25 13:31:33,pds-api-service,651,"{""Text"": 195, ""Java"": 152, ""Maven"": 143, ""Markdown"": 127, ""YAML"": 29, ""Properties"": 5}"
2025-06-25 13:31:33,pds-api-client,750,"{""Python"": 244, ""Text"": 195, ""YAML"": 165, ""reStructuredText"": 112, ""Markdown"": 22, ""CSS"": 8, ""JSON"": 4}"
2025-06-25 13:31:33,pds-api,15328,"{""YAML"": 10836, ""JSON"": 2087, ""Markdown"": 1566, ""reStructuredText"": 592, ""Python"": 103, ""Text"": 63, ""DOS Batch"": 26, ""INI"": 20, ""CSS"": 11, ""TeX"": 10, ""make"": 9, ""TOML"": 5}"
2025-06-25 13:31:33,pdsen-corral,313,"{""Markdown"": 226, ""YAML"": 57, ""Text"": 26, ""JSON"": 4}"
2025-06-25 13:31:33,cdrom-migration,97,"{""Markdown"": 97}"
2025-06-25 13:31:33,portal-wp-tasks,210,"{""Text"": 195, ""Markdown"": 15}"
2025-06-25 13:31:33,web-modernization,210,"{""Text"": 195, ""Markdown"": 15}"
2025-06-25 13:31:33,pds-report-service,210,"{""Text"": 195, ""Markdown"": 15}"
2025-06-25 13:31:33,pds-swg,343,"{""Text"": 195, ""Markdown"": 148}"
2025-06-25 13:31:33,operations,51682,"{""XML"": 49625, ""Python"": 958, ""YAML"": 566, ""Markdown"": 343, ""Bourne Shell"": 123, ""HTML"": 35, ""Text"": 32}"
2025-06-25 13:31:33,pds-api-javalib,1828,"{""YAML"": 1544, ""Maven"": 210, ""Markdown"": 70, ""JSON"": 4}"
2025-06-25 13:31:33,wds-web,629,"{""JavaScript"": 225, ""Text"": 195, ""CSS"": 129, ""YAML"": 44, ""Markdown"": 33, ""SVG"": 3}"
2025-06-25 13:31:33,wds-react-legacy,86720,"{""JSON"": 80700, ""JavaScript"": 5292, ""YAML"": 240, ""Text"": 198, ""Markdown"": 130, ""CSS"": 108, ""HTML"": 51, ""SVG"": 1}"
2025-06-25 13:31:33,portal-tasks,3,"{""Markdown"": 3}"
2025-06-25 13:31:33,registry-mgr,3587,"{""Java"": 2236, ""Markdown"": 472, ""YAML"": 282, ""Maven"": 182, ""XML"": 169, ""JSON"": 130, ""Text"": 36, ""DOS Batch"": 31, ""CSV"": 28, ""Bourne Again Shell"": 21}"
2025-06-25 13:31:33,git-ping,392,"{""Text"": 169, ""Markdown"": 154, ""YAML"": 40, ""Dockerfile"": 19, ""Bourne Shell"": 10}"
2025-06-25 13:31:33,ldd-gen-action,316,"{""Text"": 195, ""YAML"": 67, ""Markdown"": 54}"
2025-06-25 13:31:33,pds-api-pythonlib,1560,"{""Python"": 1068, ""Text"": 195, ""Markdown"": 124, ""YAML"": 114, ""reStructuredText"": 28, ""INI"": 19, ""CSS"": 8, ""TOML"": 4}"
2025-06-25 13:31:33,github-actions-base,342,"{""Text"": 169, ""YAML"": 74, ""Markdown"": 50, ""Dockerfile"": 49}"
2025-06-25 13:31:33,roundup-action,2014,"{""Python"": 1145, ""Markdown"": 361, ""Text"": 196, ""YAML"": 194, ""Bourne Shell"": 64, ""Dockerfile"": 50, ""JSON"": 4}"
2025-06-25 13:31:33,doi-ui,64435,"{""JSON"": 40257, ""JSX"": 21520, ""JavaScript"": 1707, ""CSS"": 552, ""YAML"": 219, ""Markdown"": 101, ""PHP"": 41, ""HTML"": 27, ""SVG"": 8, ""Text"": 3}"
2025-06-25 13:31:33,tracking-service,13347,"{""Java"": 10722, ""SQL"": 1194, ""Velocity Template Language"": 452, ""Markdown"": 233, ""XML"": 220, ""Text"": 210, ""Maven"": 179, ""YAML"": 89, ""Dockerfile"": 25, ""Properties"": 14, ""Bourne Shell"": 9}"
2025-06-25 13:31:33,tracking-ui,60365,"{""JavaScript"": 32666, ""CSS"": 17331, ""SVG"": 9170, ""HTML"": 772, ""Text"": 196, ""Markdown"": 158, ""Ruby"": 72}"
2025-06-25 13:31:33,api-search-query-lexer,713,"{""Java"": 212, ""Markdown"": 202, ""Maven"": 124, ""YAML"": 115, ""ANTLR Grammar"": 26, ""Text"": 26, ""JSON"": 4, ""Properties"": 4}"
2025-06-25 13:31:33,registry-api-service,9220,"{""Java"": 4729, ""JSON"": 3122, ""Markdown"": 370, ""Maven"": 275, ""HCL"": 261, ""YAML"": 124, ""Dockerfile"": 121, ""XML"": 80, ""Python"": 76, ""Text"": 42, ""Properties"": 20}"
2025-06-25 13:31:33,registry-ingest-util-legacy,1150,"{""Python"": 816, ""Text"": 197, ""Markdown"": 122, ""Mustache"": 15}"
2025-06-25 13:31:33,registry-common,10057,"{""Java"": 9147, ""YAML"": 274, ""Markdown"": 266, ""Maven"": 140, ""XSD"": 108, ""XML"": 96, ""Text"": 26}"
2025-06-25 13:31:33,search-api-notebook,1561,"{""Markdown"": 872, ""Jupyter Notebook"": 558, ""YAML"": 81, ""Text"": 46, ""JSON"": 4}"
2025-06-25 13:31:33,planetary-data-cloud,711,"{""Markdown"": 240, ""HCL"": 204, ""Text"": 195, ""Python"": 72}"
2025-06-25 13:31:33,registry-dashboards,532,"{""Text"": 196, ""YAML"": 196, ""Markdown"": 52, ""Python"": 29, ""reStructuredText"": 28, ""INI"": 19, ""CSS"": 8, ""TOML"": 4}"
2025-06-25 13:31:33,planetarydata.org,11064,"{""Python"": 4141, ""XML"": 3308, ""Text"": 2338, ""JSON"": 429, ""CSS"": 396, ""HTML"": 157, ""JavaScript"": 103, ""Maven"": 63, ""Velocity Template Language"": 63, ""YAML"": 46, ""Markdown"": 20}"
2025-06-25 13:31:33,registry-ci,4693,"{""JSON"": 3118, ""Maven"": 670, ""Text"": 243, ""Bourne Shell"": 169, ""YAML"": 158, ""Markdown"": 120, ""HCL"": 89, ""XML"": 85, ""Dockerfile"": 27, ""Properties"": 14}"
2025-06-25 13:31:33,pds-doi-legacy,4503,"{""Python"": 3552, ""XML"": 536, ""Text"": 195, ""Markdown"": 190, ""reStructuredText"": 22, ""CSS"": 8}"
2025-06-25 13:31:33,supplementer,2621,"{""Java"": 1845, ""Markdown"": 237, ""XML"": 179, ""YAML"": 148, ""Maven"": 135, ""DOS Batch"": 31, ""Text"": 26, ""Bourne Again Shell"": 20}"
2025-06-25 13:31:33,devops,219,"{""Text"": 195, ""Markdown"": 24}"
2025-06-25 13:31:33,.github,435,"{""YAML"": 388, ""Markdown"": 47}"
2025-06-25 13:31:33,system-i-n-t,170,"{""Text"": 169, ""Markdown"": 1}"
2025-06-25 13:31:33,pds4-graph,14023,"{""Jupyter Notebook"": 12343, ""Python"": 1078, ""Markdown"": 239, ""Text"": 195, ""YAML"": 115, ""reStructuredText"": 22, ""INI"": 19, ""CSS"": 8, ""TOML"": 4}"
2025-06-25 13:31:33,pds-web-mgmt,1,"{""Markdown"": 1}"
2025-06-25 13:31:33,nucleus,5158,"{""HCL"": 2349, ""Python"": 1108, ""Markdown"": 615, ""reStructuredText"": 328, ""YAML"": 309, ""JSON"": 213, ""Bourne Shell"": 114, ""Text"": 41, ""SQL"": 25, ""Dockerfile"": 23, ""INI"": 20, ""CSS"": 8, ""TOML"": 5}"
2025-06-25 13:31:33,registry,8237,"{""JSON"": 4386, ""Markdown"": 1683, ""Python"": 616, ""reStructuredText"": 556, ""YAML"": 440, ""XML"": 295, ""Bourne Shell"": 130, ""Properties"": 36, ""Text"": 27, ""DOS Batch"": 26, ""INI"": 20, ""make"": 9, ""CSS"": 8, ""TOML"": 5}"
2025-06-25 13:31:33,ldd-manager,1199,"{""Python"": 581, ""Markdown"": 320, ""YAML"": 216, ""Text"": 27, ""reStructuredText"": 22, ""INI"": 20, ""CSS"": 8, ""TOML"": 5}"
2025-06-25 13:31:33,registry-loader,937,"{""Markdown"": 311, ""YAML"": 284, ""Bourne Shell"": 118, ""Maven"": 77, ""XML"": 57, ""Java"": 39, ""Text"": 26, ""Dockerfile"": 24, ""Properties"": 1}"
2025-06-25 13:31:33,registry-api,11128,"{""Java"": 5398, ""Markdown"": 1812, ""YAML"": 1747, ""Maven"": 906, ""Python"": 416, ""HCL"": 251, ""JavaScript"": 134, ""Text"": 89, ""XML"": 80, ""HTML"": 59, ""ANTLR Grammar"": 52, ""SVG"": 52, ""CSS"": 43, ""Dockerfile"": 43, ""Properties"": 37, ""Bourne Shell"": 5, ""JSON"": 4}"
2025-06-25 13:31:33,web-analytics,1123,"{""SQL"": 414, ""Markdown"": 304, ""YAML"": 166, ""Python"": 157, ""Text"": 27, ""reStructuredText"": 22, ""INI"": 20, ""CSS"": 8, ""TOML"": 5}"
2025-06-25 13:31:33,PDS-Pipelines,7507,"{""Python"": 4983, ""JSON"": 1945, ""YAML"": 234, ""Markdown"": 161, ""Jupyter Notebook"": 121, ""Text"": 20, ""Dockerfile"": 16, ""SQL"": 11, ""XML"": 11, ""Bourne Shell"": 5}"
2025-06-25 13:31:33,proxycrypt,296,"{""Markdown"": 204, ""YAML"": 39, ""Text"": 26, ""Dockerfile"": 17, ""Bourne Shell"": 10}"
2025-06-25 13:31:33,merge-branch,463,"{""JSON"": 224, ""Ruby"": 116, ""Markdown"": 85, ""YAML"": 32, ""Dockerfile"": 6}"
2025-06-25 13:31:33,pds-thin-egress-app,6783,"{""Python"": 2812, ""Jinja Template"": 1072, ""Markdown"": 764, ""YAML"": 690, ""Bourne Shell"": 420, ""Text"": 336, ""HCL"": 277, ""make"": 207, ""HTML"": 192, ""Dockerfile"": 13}"
2025-06-25 13:31:33,api-subpath,260,"{""Markdown"": 198, ""Dockerfile"": 24, ""YAML"": 19, ""Bourne Shell"": 10, ""Python"": 9}"
2025-06-25 13:31:33,planetary-data-engine,861,"{""Markdown"": 346, ""YAML"": 219, ""Jupyter Notebook"": 163, ""Python"": 51, ""Text"": 31, ""INI"": 20, ""reStructuredText"": 18, ""CSS"": 8, ""TOML"": 5}"
2025-06-25 13:31:33,data-upload-manager,5772,"{""Python"": 2606, ""HCL"": 1077, ""Markdown"": 641, ""JSON"": 539, ""reStructuredText"": 393, ""YAML"": 339, ""JavaScript"": 76, ""INI"": 56, ""Text"": 27, ""CSS"": 8, ""Bourne Shell"": 5, ""TOML"": 5}"
2025-06-25 13:31:33,template-repo-cpp,2,"{""Markdown"": 2}"
2025-06-25 13:31:33,logging-core,699,"{""Markdown"": 359, ""YAML"": 211, ""Python"": 51, ""Text"": 27, ""INI"": 20, ""reStructuredText"": 18, ""CSS"": 8, ""TOML"": 5}"
2025-06-25 13:31:33,notification-service,699,"{""Markdown"": 359, ""YAML"": 211, ""Python"": 51, ""Text"": 27, ""INI"": 20, ""reStructuredText"": 18, ""CSS"": 8, ""TOML"": 5}"
2025-06-25 13:31:33,crawler-trigger,699,"{""Markdown"": 359, ""YAML"": 211, ""Python"": 51, ""Text"": 27, ""INI"": 20, ""reStructuredText"": 18, ""CSS"": 8, ""TOML"": 5}"
2025-06-25 13:31:33,registry-sweepers,5083,"{""Python"": 3592, ""Markdown"": 523, ""JSON"": 462, ""YAML"": 352, ""HCL"": 63, ""Text"": 27, ""INI"": 20, ""reStructuredText"": 18, ""Dockerfile"": 13, ""CSS"": 8, ""TOML"": 5}"
2025-06-25 13:31:33,registry-operations,816,"{""Markdown"": 253, ""Python"": 244, ""YAML"": 211, ""JSON"": 30, ""Text"": 27, ""INI"": 20, ""reStructuredText"": 18, ""CSS"": 8, ""TOML"": 5}"
2025-06-25 13:31:33,monitoring,1098,"{""Markdown"": 431, ""YAML"": 344, ""HCL"": 194, ""Python"": 51, ""Text"": 27, ""INI"": 20, ""reStructuredText"": 18, ""CSS"": 8, ""TOML"": 5}"
2025-06-25 13:31:33,newman-with-testrail-reporter,197,"{""Markdown"": 162, ""YAML"": 33, ""Dockerfile"": 2}"
2025-06-25 13:31:33,llms-and-pds,1329,"{""Python"": 787, ""Markdown"": 253, ""YAML"": 211, ""Text"": 27, ""INI"": 20, ""reStructuredText"": 18, ""CSS"": 8, ""TOML"": 5}"
2025-06-25 13:31:33,lasso-issues,1963,"{""Python"": 1437, ""Markdown"": 232, ""YAML"": 215, ""Text"": 27, ""INI"": 20, ""reStructuredText"": 19, ""CSS"": 8, ""TOML"": 5}"
2025-06-25 13:31:33,lasso-releasers,1051,"{""Python"": 397, ""Markdown"": 221, ""YAML"": 204, ""Maven"": 148, ""Text"": 27, ""INI"": 21, ""reStructuredText"": 20, ""CSS"": 8, ""TOML"": 5}"
2025-06-25 13:31:33,lasso-reports,1435,"{""Python"": 973, ""Markdown"": 213, ""YAML"": 123, ""reStructuredText"": 66, ""Text"": 27, ""INI"": 20, ""CSS"": 8, ""TOML"": 5}"
2025-06-25 13:31:33,lasso-requirements,630,"{""Python"": 301, ""Markdown"": 205, ""YAML"": 45, ""Text"": 27, ""INI"": 20, ""reStructuredText"": 19, ""CSS"": 8, ""TOML"": 5}"
2025-06-25 13:31:33,wds,3391,"{""JSON"": 2044, ""SCSS"": 449, ""Markdown"": 350, ""SVG"": 327, ""YAML"": 141, ""Text"": 26, ""CSS"": 17, ""HTML"": 17, ""INI"": 10, ""JavaScript"": 10}"
2025-06-25 13:31:33,solr-to-es,305,"{""Python"": 247, ""Markdown"": 44, ""Text"": 14}"
2025-06-25 13:31:33,registry-legacy-solr,103877,"{""XML"": 63112, ""Java"": 26851, ""HTML"": 6427, ""XSD"": 1448, ""Markdown"": 1201, ""Text"": 909, ""XSLT"": 828, ""Maven"": 819, ""Velocity Template Language"": 514, ""SQL"": 444, ""Bourne Shell"": 375, ""YAML"": 328, ""Properties"": 196, ""Python"": 154, ""Bourne Again Shell"": 112, ""DOS Batch"": 69, ""CSV"": 63, ""JSON"": 20, ""Dockerfile"": 7}"
2025-06-25 13:31:33,ds-view,7292,"{""JSP"": 3803, ""Java"": 1473, ""XML"": 1033, ""YAML"": 277, ""Markdown"": 259, ""Velocity Template Language"": 221, ""Maven"": 176, ""Text"": 41, ""Dockerfile"": 9}"
2025-06-25 13:31:33,email-app,1729,"{""XML"": 390, ""Velocity Template Language"": 367, ""Java"": 294, ""YAML"": 236, ""Maven"": 186, ""Markdown"": 176, ""Text"": 80}"
2025-06-25 13:31:33,pds-tf-modules,2526,"{""HCL"": 1198, ""Markdown"": 709, ""YAML"": 393, ""JSON"": 57, ""Python"": 51, ""JavaScript"": 40, ""Text"": 27, ""INI"": 20, ""reStructuredText"": 18, ""CSS"": 8, ""TOML"": 5}"
2025-06-25 13:31:33,search-ui-legacy,1769,"{""Markdown"": 338, ""XML"": 330, ""YAML"": 270, ""Java"": 263, ""JSP"": 213, ""Velocity Template Language"": 207, ""Maven"": 117, ""Text"": 31}"
2025-06-25 13:31:33,wds-react,29015,"{""JSON"": 22626, ""TypeScript"": 4545, ""SCSS"": 825, ""Markdown"": 417, ""Text"": 195, ""YAML"": 167, ""CSS"": 118, ""JavaScript"": 71, ""SVG"": 40, ""INI"": 11}"
2025-06-25 13:31:33,portal-legacy-docker,106,"{""make"": 50, ""Markdown"": 22, ""Dockerfile"": 21, ""YAML"": 13}"
2025-06-25 13:31:33,peppi,1517,"{""Python"": 556, ""Markdown"": 531, ""YAML"": 322, ""reStructuredText"": 44, ""Text"": 27, ""INI"": 20, ""CSS"": 8, ""TOML"": 5, ""JSON"": 4}"
2025-06-25 13:31:33,template-repo-nodejs,9161,"{""JSON"": 8553, ""Markdown"": 239, ""YAML"": 184, ""CSS"": 98, ""JSX"": 41, ""Text"": 26, ""HTML"": 13, ""JavaScript"": 5, ""SVG"": 2}"
2025-06-25 13:31:33,s3-browser-cloudfront,12094,"{""JSON"": 10072, ""JavaScript"": 1000, ""SCSS"": 284, ""Markdown"": 230, ""YAML"": 223, ""HTML"": 215, ""SVG"": 66, ""Bourne Shell"": 4}"
2025-06-25 13:31:33,s3-browser-awssdk,10324,"{""JSON"": 9750, ""Markdown"": 210, ""YAML"": 173, ""CSS"": 99, ""TypeScript"": 47, ""Text"": 26, ""HTML"": 13, ""JavaScript"": 5, ""SVG"": 1}"
2025-06-25 13:31:33,nucleus-configurator,512,"{""Markdown"": 322, ""YAML"": 164, ""Text"": 26}"
2025-06-25 13:31:33,planetary-data-login,0,{}
2025-06-25 13:31:33,nucleus-data-hauler,348,"{""Markdown"": 322, ""Text"": 26}"
2025-06-25 13:31:33,registry-client,1402,"{""Markdown"": 369, ""YAML"": 327, ""reStructuredText"": 302, ""Python"": 262, ""JSON"": 53, ""HCL"": 29, ""Text"": 27, ""INI"": 20, ""CSS"": 8, ""TOML"": 5}"
2025-06-25 13:31:33,PlanetPatrol,884,"{""YAML"": 347, ""JSON"": 297, ""Markdown"": 210, ""Text"": 26, ""SVG"": 4}"
2025-06-25 13:31:33,gis-web-client,1337,"{""JavaScript"": 518, ""Markdown"": 241, ""CSS"": 202, ""YAML"": 188, ""HTML"": 64, ""JSON"": 55, ""JSX"": 41, ""Text"": 26, ""SVG"": 2}"
2025-06-25 13:31:33,opensearch-java,242189,"{""Java"": 188673, ""YAML"": 49370, ""Markdown"": 1699, ""XML"": 736, ""Mustache"": 599, ""Gradle"": 586, ""Bourne Shell"": 214, ""Text"": 210, ""DOS Batch"": 71, ""Dockerfile"": 19, ""Properties"": 11, ""SVG"": 1}"
2025-06-25 13:31:33,test-react-package,4490,"{""JSON"": 4300, ""TypeScript"": 151, ""JavaScript"": 30, ""SCSS"": 9}"
2025-06-25 13:31:33,test-react-app,4128,"{""JSON"": 3874, ""CSS"": 98, ""TypeScript"": 74, ""Markdown"": 40, ""JavaScript"": 27, ""HTML"": 13, ""SVG"": 2}"
2025-06-25 13:31:33,cosmo-sign,827,"{""YAML"": 335, ""Markdown"": 334, ""Python"": 51, ""HCL"": 29, ""Text"": 27, ""INI"": 20, ""reStructuredText"": 18, ""CSS"": 8, ""TOML"": 5}"
2025-06-25 13:31:33,pds4-context-products,305673,"{""XML"": 302291, ""CSV"": 3131, ""Text"": 195, ""Markdown"": 52, ""SQL"": 4}"
2025-06-25 13:31:33,portal-drupal,639,"{""HCL"": 310, ""Markdown"": 242, ""YAML"": 49, ""Text"": 27, ""Dockerfile"": 8, ""Bourne Shell"": 3}"
2025-06-25 13:31:33,pds-mcp-infra,879,"{""Markdown"": 384, ""YAML"": 337, ""Python"": 51, ""HCL"": 29, ""Text"": 27, ""INI"": 20, ""reStructuredText"": 18, ""CSS"": 8, ""TOML"": 5}"
2025-06-25 13:31:33,nucleus-tools.py,840,"{""Markdown"": 345, ""YAML"": 337, ""Python"": 51, ""HCL"": 29, ""Text"": 27, ""INI"": 20, ""reStructuredText"": 18, ""CSS"": 8, ""TOML"": 5}"
2025-06-25 13:31:33,nucleus-tools-java,1096,"{""Markdown"": 338, ""YAML"": 322, ""Maven"": 183, ""Java"": 113, ""XML"": 65, ""HCL"": 29, ""Text"": 26, ""Bourne Shell"": 9, ""Dockerfile"": 6, ""Properties"": 5}"
2025-06-25 13:31:33,cloud-tools,1038,"{""YAML"": 337, ""Markdown"": 313, ""Python"": 281, ""HCL"": 29, ""Text"": 27, ""INI"": 20, ""reStructuredText"": 18, ""CSS"": 8, ""TOML"": 5}"
2025-06-25 13:31:33,pds4-viewer-support,2,"{""Markdown"": 2}"
2025-06-25 13:31:33,RSdataViewer,827,"{""YAML"": 335, ""Markdown"": 334, ""Python"": 51, ""HCL"": 29, ""Text"": 27, ""INI"": 20, ""reStructuredText"": 18, ""CSS"": 8, ""TOML"": 5}"
2025-06-25 13:31:33,img-msn-int,7,"{""Markdown"": 7}"
2025-06-25 13:31:33,cloud-ops,76,"{""YAML"": 74, ""Markdown"": 2}"
2025-06-25 13:35:24,pds-view,7707,"{""Python"": 4117, ""HTML"": 1584, ""Velocity Template Language"": 920, ""Text"": 455, ""SVG"": 219, ""Markdown"": 184, ""reStructuredText"": 155, ""XML"": 41, ""YAML"": 31, ""JSON"": 1}"
2025-06-25 13:35:24,feedback-widget,1265,"{""JavaScript"": 511, ""CSS"": 507, ""Markdown"": 145, ""YAML"": 67, ""PHP"": 21, ""Bourne Shell"": 13, ""SVG"": 1}"
2025-06-25 13:35:24,nasa-pds.github.io,70515,"{""HTML"": 41592, ""reStructuredText"": 13552, ""JavaScript"": 11378, ""SVG"": 2732, ""CSS"": 797, ""Markdown"": 209, ""YAML"": 139, ""Python"": 41, ""Text"": 32, ""DOS Batch"": 26, ""make"": 13, ""JSON"": 4}"
2025-06-25 13:35:24,validate,1623261,"{""CSV"": 1048569, ""SQL"": 302504, ""XML"": 100525, ""XSD"": 70937, ""JSON"": 39203, ""Java"": 24200, ""Scheme"": 20415, ""Text"": 5107, ""Markdown"": 3574, ""XSLT"": 2877, ""HTML"": 2714, ""Properties"": 502, ""YAML"": 386, ""Maven"": 372, ""Velocity Template Language"": 350, ""Cucumber"": 288, ""Bourne Again Shell"": 210, ""DTD"": 144, ""HCL"": 135, ""Bourne Shell"": 126, ""Python"": 71, ""DOS Batch"": 32, ""Dockerfile"": 10, ""TeX"": 10}"
2025-06-25 13:35:24,pds3-product-tools,85298,"{""Java"": 82653, ""XML"": 1168, ""ANTLR Grammar"": 485, ""YAML"": 257, ""Maven"": 178, ""Text"": 173, ""Markdown"": 136, ""Properties"": 97, ""Velocity Template Language"": 75, ""HTML"": 41, ""Ant"": 31, ""JSON"": 4}"
2025-06-25 13:35:24,pds4-jparser,186399,"{""XSD"": 121884, ""HTML"": 21338, ""Java"": 13905, ""XML"": 9767, ""CSV"": 7191, ""Scheme"": 6226, ""Text"": 2273, ""SQL"": 2064, ""Markdown"": 422, ""Velocity Template Language"": 417, ""Maven"": 390, ""YAML"": 286, ""Ant"": 79, ""Properties"": 37, ""Bourne Again Shell"": 36, ""Bourne Shell"": 29, ""DOS Batch"": 29, ""XSLT"": 22, ""JSON"": 4}"
2025-06-25 13:35:24,transform,11625,"{""Java"": 4384, ""XML"": 3769, ""Velocity Template Language"": 1795, ""Python"": 580, ""Maven"": 292, ""YAML"": 284, ""Markdown"": 188, ""Text"": 169, ""XSLT"": 113, ""Bourne Shell"": 19, ""DOS Batch"": 17, ""Properties"": 8, ""JSON"": 4, ""CSV"": 3}"
2025-06-25 13:35:24,pds4-information-model,1590344,"{""XML"": 1342110, ""XSD"": 72962, ""JSON"": 53156, ""HTML"": 40269, ""Java"": 26684, ""Scheme"": 19017, ""Properties"": 13896, ""JavaScript"": 11791, ""Text"": 3174, ""CSS"": 2295, ""Markdown"": 2244, ""YAML"": 704, ""Maven"": 619, ""Velocity Template Language"": 596, ""CSV"": 516, ""Bourne Shell"": 138, ""Cucumber"": 78, ""Python"": 50, ""DOS Batch"": 33, ""SVG"": 9, ""SQL"": 3}"
2025-06-25 13:35:24,template-repo-java,902,"{""Markdown"": 338, ""YAML"": 286, ""Maven"": 114, ""XML"": 65, ""Java"": 39, ""HCL"": 29, ""Text"": 26, ""Properties"": 5}"
2025-06-25 13:35:24,harvest,5270,"{""Java"": 2916, ""Markdown"": 907, ""XML"": 649, ""YAML"": 278, ""XSD"": 242, ""Maven"": 196, ""DOS Batch"": 31, ""Text"": 26, ""Bourne Again Shell"": 21, ""JSON"": 4}"
2025-06-25 13:35:24,pdsen-maven-parent,778,"{""Maven"": 334, ""Markdown"": 261, ""YAML"": 157, ""Text"": 26}"
2025-06-25 13:35:24,deep-archive,21192,"{""HTML"": 7128, ""XML"": 6765, ""XSD"": 2920, ""Python"": 1547, ""Text"": 797, ""SQL"": 680, ""Markdown"": 641, ""reStructuredText"": 360, ""YAML"": 262, ""CSV"": 51, ""INI"": 24, ""CSS"": 8, ""TOML"": 5, ""JSON"": 4}"
2025-06-25 13:35:24,doi-service,18481,"{""Python"": 9125, ""Markdown"": 2377, ""JSON"": 2232, ""XML"": 1872, ""YAML"": 859, ""XSD"": 643, ""HTML"": 523, ""reStructuredText"": 368, ""Cucumber"": 86, ""INI"": 80, ""Jupyter Notebook"": 75, ""CSV"": 73, ""Scheme"": 55, ""Bourne Shell"": 39, ""Text"": 31, ""Jinja Template"": 19, ""Dockerfile"": 9, ""CSS"": 8, ""TOML"": 7}"
2025-06-25 13:35:24,mi-label,12078,"{""Velocity Template Language"": 4363, ""Java"": 3625, ""XML"": 2990, ""Markdown"": 393, ""YAML"": 284, ""Maven"": 246, ""JSON"": 91, ""Bourne Shell"": 38, ""Text"": 26, ""DOS Batch"": 17, ""Properties"": 5}"
2025-06-25 13:35:24,pds-github-util,3787,"{""Python"": 2640, ""Markdown"": 549, ""YAML"": 281, ""Maven"": 148, ""reStructuredText"": 97, ""INI"": 28, ""Text"": 27, ""CSS"": 8, ""TOML"": 5, ""JSON"": 4}"
2025-06-25 13:35:24,template-repo-python,945,"{""YAML"": 394, ""Markdown"": 384, ""Python"": 60, ""HCL"": 29, ""Text"": 27, ""INI"": 20, ""reStructuredText"": 18, ""CSS"": 8, ""TOML"": 5}"
2025-06-25 13:35:24,software-issues-repo,186,"{""Text"": 171, ""Markdown"": 15}"
2025-06-25 13:35:24,pds-api-service,651,"{""Text"": 195, ""Java"": 152, ""Maven"": 143, ""Markdown"": 127, ""YAML"": 29, ""Properties"": 5}"
2025-06-25 13:35:24,pds-api-client,750,"{""Python"": 244, ""Text"": 195, ""YAML"": 165, ""reStructuredText"": 112, ""Markdown"": 22, ""CSS"": 8, ""JSON"": 4}"
2025-06-25 13:35:24,pds-api,15328,"{""YAML"": 10836, ""JSON"": 2087, ""Markdown"": 1566, ""reStructuredText"": 592, ""Python"": 103, ""Text"": 63, ""DOS Batch"": 26, ""INI"": 20, ""CSS"": 11, ""TeX"": 10, ""make"": 9, ""TOML"": 5}"
2025-06-25 13:35:24,pdsen-corral,313,"{""Markdown"": 226, ""YAML"": 57, ""Text"": 26, ""JSON"": 4}"
2025-06-25 13:35:24,cdrom-migration,97,"{""Markdown"": 97}"
2025-06-25 13:35:24,portal-wp-tasks,210,"{""Text"": 195, ""Markdown"": 15}"
2025-06-25 13:35:24,web-modernization,210,"{""Text"": 195, ""Markdown"": 15}"
2025-06-25 13:35:24,pds-report-service,210,"{""Text"": 195, ""Markdown"": 15}"
2025-06-25 13:35:24,pds-swg,343,"{""Text"": 195, ""Markdown"": 148}"
2025-06-25 13:35:24,operations,51682,"{""XML"": 49625, ""Python"": 958, ""YAML"": 566, ""Markdown"": 343, ""Bourne Shell"": 123, ""HTML"": 35, ""Text"": 32}"
2025-06-25 13:35:24,pds-api-javalib,1828,"{""YAML"": 1544, ""Maven"": 210, ""Markdown"": 70, ""JSON"": 4}"
2025-06-25 13:35:24,wds-web,629,"{""JavaScript"": 225, ""Text"": 195, ""CSS"": 129, ""YAML"": 44, ""Markdown"": 33, ""SVG"": 3}"
2025-06-25 13:35:24,wds-react-legacy,86720,"{""JSON"": 80700, ""JavaScript"": 5292, ""YAML"": 240, ""Text"": 198, ""Markdown"": 130, ""CSS"": 108, ""HTML"": 51, ""SVG"": 1}"
2025-06-25 13:35:24,portal-tasks,3,"{""Markdown"": 3}"
2025-06-25 13:35:24,registry-mgr,3587,"{""Java"": 2236, ""Markdown"": 472, ""YAML"": 282, ""Maven"": 182, ""XML"": 169, ""JSON"": 130, ""Text"": 36, ""DOS Batch"": 31, ""CSV"": 28, ""Bourne Again Shell"": 21}"
2025-06-25 13:35:24,git-ping,392,"{""Text"": 169, ""Markdown"": 154, ""YAML"": 40, ""Dockerfile"": 19, ""Bourne Shell"": 10}"
2025-06-25 13:35:24,ldd-gen-action,316,"{""Text"": 195, ""YAML"": 67, ""Markdown"": 54}"
2025-06-25 13:35:24,pds-api-pythonlib,1560,"{""Python"": 1068, ""Text"": 195, ""Markdown"": 124, ""YAML"": 114, ""reStructuredText"": 28, ""INI"": 19, ""CSS"": 8, ""TOML"": 4}"
2025-06-25 13:35:24,github-actions-base,342,"{""Text"": 169, ""YAML"": 74, ""Markdown"": 50, ""Dockerfile"": 49}"
2025-06-25 13:35:24,roundup-action,2014,"{""Python"": 1145, ""Markdown"": 361, ""Text"": 196, ""YAML"": 194, ""Bourne Shell"": 64, ""Dockerfile"": 50, ""JSON"": 4}"
2025-06-25 13:35:24,doi-ui,64435,"{""JSON"": 40257, ""JSX"": 21520, ""JavaScript"": 1707, ""CSS"": 552, ""YAML"": 219, ""Markdown"": 101, ""PHP"": 41, ""HTML"": 27, ""SVG"": 8, ""Text"": 3}"
2025-06-25 13:35:24,tracking-service,13347,"{""Java"": 10722, ""SQL"": 1194, ""Velocity Template Language"": 452, ""Markdown"": 233, ""XML"": 220, ""Text"": 210, ""Maven"": 179, ""YAML"": 89, ""Dockerfile"": 25, ""Properties"": 14, ""Bourne Shell"": 9}"
2025-06-25 13:35:24,tracking-ui,60365,"{""JavaScript"": 32666, ""CSS"": 17331, ""SVG"": 9170, ""HTML"": 772, ""Text"": 196, ""Markdown"": 158, ""Ruby"": 72}"
2025-06-25 13:35:24,api-search-query-lexer,713,"{""Java"": 212, ""Markdown"": 202, ""Maven"": 124, ""YAML"": 115, ""ANTLR Grammar"": 26, ""Text"": 26, ""JSON"": 4, ""Properties"": 4}"
2025-06-25 13:35:24,registry-api-service,9220,"{""Java"": 4729, ""JSON"": 3122, ""Markdown"": 370, ""Maven"": 275, ""HCL"": 261, ""YAML"": 124, ""Dockerfile"": 121, ""XML"": 80, ""Python"": 76, ""Text"": 42, ""Properties"": 20}"
2025-06-25 13:35:24,registry-ingest-util-legacy,1150,"{""Python"": 816, ""Text"": 197, ""Markdown"": 122, ""Mustache"": 15}"
2025-06-25 13:35:24,registry-common,10057,"{""Java"": 9147, ""YAML"": 274, ""Markdown"": 266, ""Maven"": 140, ""XSD"": 108, ""XML"": 96, ""Text"": 26}"
2025-06-25 13:35:24,search-api-notebook,1561,"{""Markdown"": 872, ""Jupyter Notebook"": 558, ""YAML"": 81, ""Text"": 46, ""JSON"": 4}"
2025-06-25 13:35:24,planetary-data-cloud,711,"{""Markdown"": 240, ""HCL"": 204, ""Text"": 195, ""Python"": 72}"
2025-06-25 13:35:24,registry-dashboards,532,"{""Text"": 196, ""YAML"": 196, ""Markdown"": 52, ""Python"": 29, ""reStructuredText"": 28, ""INI"": 19, ""CSS"": 8, ""TOML"": 4}"
2025-06-25 13:35:24,planetarydata.org,11064,"{""Python"": 4141, ""XML"": 3308, ""Text"": 2338, ""JSON"": 429, ""CSS"": 396, ""HTML"": 157, ""JavaScript"": 103, ""Maven"": 63, ""Velocity Template Language"": 63, ""YAML"": 46, ""Markdown"": 20}"
2025-06-25 13:35:24,registry-ci,4693,"{""JSON"": 3118, ""Maven"": 670, ""Text"": 243, ""Bourne Shell"": 169, ""YAML"": 158, ""Markdown"": 120, ""HCL"": 89, ""XML"": 85, ""Dockerfile"": 27, ""Properties"": 14}"
2025-06-25 13:35:24,pds-doi-legacy,4503,"{""Python"": 3552, ""XML"": 536, ""Text"": 195, ""Markdown"": 190, ""reStructuredText"": 22, ""CSS"": 8}"
2025-06-25 13:35:24,supplementer,2621,"{""Java"": 1845, ""Markdown"": 237, ""XML"": 179, ""YAML"": 148, ""Maven"": 135, ""DOS Batch"": 31, ""Text"": 26, ""Bourne Again Shell"": 20}"
2025-06-25 13:35:24,devops,219,"{""Text"": 195, ""Markdown"": 24}"
2025-06-25 13:35:24,.github,435,"{""YAML"": 388, ""Markdown"": 47}"
2025-06-25 13:35:24,system-i-n-t,170,"{""Text"": 169, ""Markdown"": 1}"
2025-06-25 13:35:24,pds4-graph,14023,"{""Jupyter Notebook"": 12343, ""Python"": 1078, ""Markdown"": 239, ""Text"": 195, ""YAML"": 115, ""reStructuredText"": 22, ""INI"": 19, ""CSS"": 8, ""TOML"": 4}"
2025-06-25 13:35:24,pds-web-mgmt,1,"{""Markdown"": 1}"
2025-06-25 13:35:24,nucleus,5158,"{""HCL"": 2349, ""Python"": 1108, ""Markdown"": 615, ""reStructuredText"": 328, ""YAML"": 309, ""JSON"": 213, ""Bourne Shell"": 114, ""Text"": 41, ""SQL"": 25, ""Dockerfile"": 23, ""INI"": 20, ""CSS"": 8, ""TOML"": 5}"
2025-06-25 13:35:24,registry,8237,"{""JSON"": 4386, ""Markdown"": 1683, ""Python"": 616, ""reStructuredText"": 556, ""YAML"": 440, ""XML"": 295, ""Bourne Shell"": 130, ""Properties"": 36, ""Text"": 27, ""DOS Batch"": 26, ""INI"": 20, ""make"": 9, ""CSS"": 8, ""TOML"": 5}"
2025-06-25 13:35:24,ldd-manager,1199,"{""Python"": 581, ""Markdown"": 320, ""YAML"": 216, ""Text"": 27, ""reStructuredText"": 22, ""INI"": 20, ""CSS"": 8, ""TOML"": 5}"
2025-06-25 13:35:24,registry-loader,937,"{""Markdown"": 311, ""YAML"": 284, ""Bourne Shell"": 118, ""Maven"": 77, ""XML"": 57, ""Java"": 39, ""Text"": 26, ""Dockerfile"": 24, ""Properties"": 1}"
2025-06-25 13:35:24,registry-api,11128,"{""Java"": 5398, ""Markdown"": 1812, ""YAML"": 1747, ""Maven"": 906, ""Python"": 416, ""HCL"": 251, ""JavaScript"": 134, ""Text"": 89, ""XML"": 80, ""HTML"": 59, ""ANTLR Grammar"": 52, ""SVG"": 52, ""CSS"": 43, ""Dockerfile"": 43, ""Properties"": 37, ""Bourne Shell"": 5, ""JSON"": 4}"
2025-06-25 13:35:24,web-analytics,1123,"{""SQL"": 414, ""Markdown"": 304, ""YAML"": 166, ""Python"": 157, ""Text"": 27, ""reStructuredText"": 22, ""INI"": 20, ""CSS"": 8, ""TOML"": 5}"
2025-06-25 13:35:24,PDS-Pipelines,7507,"{""Python"": 4983, ""JSON"": 1945, ""YAML"": 234, ""Markdown"": 161, ""Jupyter Notebook"": 121, ""Text"": 20, ""Dockerfile"": 16, ""SQL"": 11, ""XML"": 11, ""Bourne Shell"": 5}"
2025-06-25 13:35:24,proxycrypt,296,"{""Markdown"": 204, ""YAML"": 39, ""Text"": 26, ""Dockerfile"": 17, ""Bourne Shell"": 10}"
2025-06-25 13:35:24,merge-branch,463,"{""JSON"": 224, ""Ruby"": 116, ""Markdown"": 85, ""YAML"": 32, ""Dockerfile"": 6}"
2025-06-25 13:35:24,pds-thin-egress-app,6783,"{""Python"": 2812, ""Jinja Template"": 1072, ""Markdown"": 764, ""YAML"": 690, ""Bourne Shell"": 420, ""Text"": 336, ""HCL"": 277, ""make"": 207, ""HTML"": 192, ""Dockerfile"": 13}"
2025-06-25 13:35:24,api-subpath,260,"{""Markdown"": 198, ""Dockerfile"": 24, ""YAML"": 19, ""Bourne Shell"": 10, ""Python"": 9}"
2025-06-25 13:35:24,planetary-data-engine,861,"{""Markdown"": 346, ""YAML"": 219, ""Jupyter Notebook"": 163, ""Python"": 51, ""Text"": 31, ""INI"": 20, ""reStructuredText"": 18, ""CSS"": 8, ""TOML"": 5}"
2025-06-25 13:35:24,data-upload-manager,5772,"{""Python"": 2606, ""HCL"": 1077, ""Markdown"": 641, ""JSON"": 539, ""reStructuredText"": 393, ""YAML"": 339, ""JavaScript"": 76, ""INI"": 56, ""Text"": 27, ""CSS"": 8, ""Bourne Shell"": 5, ""TOML"": 5}"
2025-06-25 13:35:24,template-repo-cpp,2,"{""Markdown"": 2}"
2025-06-25 13:35:24,logging-core,699,"{""Markdown"": 359, ""YAML"": 211, ""Python"": 51, ""Text"": 27, ""INI"": 20, ""reStructuredText"": 18, ""CSS"": 8, ""TOML"": 5}"
2025-06-25 13:35:24,notification-service,699,"{""Markdown"": 359, ""YAML"": 211, ""Python"": 51, ""Text"": 27, ""INI"": 20, ""reStructuredText"": 18, ""CSS"": 8, ""TOML"": 5}"
2025-06-25 13:35:24,crawler-trigger,699,"{""Markdown"": 359, ""YAML"": 211, ""Python"": 51, ""Text"": 27, ""INI"": 20, ""reStructuredText"": 18, ""CSS"": 8, ""TOML"": 5}"
2025-06-25 13:35:24,registry-sweepers,5083,"{""Python"": 3592, ""Markdown"": 523, ""JSON"": 462, ""YAML"": 352, ""HCL"": 63, ""Text"": 27, ""INI"": 20, ""reStructuredText"": 18, ""Dockerfile"": 13, ""CSS"": 8, ""TOML"": 5}"
2025-06-25 13:35:24,registry-operations,816,"{""Markdown"": 253, ""Python"": 244, ""YAML"": 211, ""JSON"": 30, ""Text"": 27, ""INI"": 20, ""reStructuredText"": 18, ""CSS"": 8, ""TOML"": 5}"
2025-06-25 13:35:24,monitoring,1098,"{""Markdown"": 431, ""YAML"": 344, ""HCL"": 194, ""Python"": 51, ""Text"": 27, ""INI"": 20, ""reStructuredText"": 18, ""CSS"": 8, ""TOML"": 5}"
2025-06-25 13:35:24,newman-with-testrail-reporter,197,"{""Markdown"": 162, ""YAML"": 33, ""Dockerfile"": 2}"
2025-06-25 13:35:24,llms-and-pds,1329,"{""Python"": 787, ""Markdown"": 253, ""YAML"": 211, ""Text"": 27, ""INI"": 20, ""reStructuredText"": 18, ""CSS"": 8, ""TOML"": 5}"
2025-06-25 13:35:24,lasso-issues,1963,"{""Python"": 1437, ""Markdown"": 232, ""YAML"": 215, ""Text"": 27, ""INI"": 20, ""reStructuredText"": 19, ""CSS"": 8, ""TOML"": 5}"
2025-06-25 13:35:24,lasso-releasers,1051,"{""Python"": 397, ""Markdown"": 221, ""YAML"": 204, ""Maven"": 148, ""Text"": 27, ""INI"": 21, ""reStructuredText"": 20, ""CSS"": 8, ""TOML"": 5}"
2025-06-25 13:35:24,lasso-reports,1435,"{""Python"": 973, ""Markdown"": 213, ""YAML"": 123, ""reStructuredText"": 66, ""Text"": 27, ""INI"": 20, ""CSS"": 8, ""TOML"": 5}"
2025-06-25 13:35:24,lasso-requirements,630,"{""Python"": 301, ""Markdown"": 205, ""YAML"": 45, ""Text"": 27, ""INI"": 20, ""reStructuredText"": 19, ""CSS"": 8, ""TOML"": 5}"
2025-06-25 13:35:24,wds,3391,"{""JSON"": 2044, ""SCSS"": 449, ""Markdown"": 350, ""SVG"": 327, ""YAML"": 141, ""Text"": 26, ""CSS"": 17, ""HTML"": 17, ""INI"": 10, ""JavaScript"": 10}"
2025-06-25 13:35:24,solr-to-es,305,"{""Python"": 247, ""Markdown"": 44, ""Text"": 14}"
2025-06-25 13:35:24,registry-legacy-solr,103877,"{""XML"": 63112, ""Java"": 26851, ""HTML"": 6427, ""XSD"": 1448, ""Markdown"": 1201, ""Text"": 909, ""XSLT"": 828, ""Maven"": 819, ""Velocity Template Language"": 514, ""SQL"": 444, ""Bourne Shell"": 375, ""YAML"": 328, ""Properties"": 196, ""Python"": 154, ""Bourne Again Shell"": 112, ""DOS Batch"": 69, ""CSV"": 63, ""JSON"": 20, ""Dockerfile"": 7}"
2025-06-25 13:35:24,ds-view,7292,"{""JSP"": 3803, ""Java"": 1473, ""XML"": 1033, ""YAML"": 277, ""Markdown"": 259, ""Velocity Template Language"": 221, ""Maven"": 176, ""Text"": 41, ""Dockerfile"": 9}"
2025-06-25 13:35:24,email-app,1729,"{""XML"": 390, ""Velocity Template Language"": 367, ""Java"": 294, ""YAML"": 236, ""Maven"": 186, ""Markdown"": 176, ""Text"": 80}"
2025-06-25 13:35:24,pds-tf-modules,2526,"{""HCL"": 1198, ""Markdown"": 709, ""YAML"": 393, ""JSON"": 57, ""Python"": 51, ""JavaScript"": 40, ""Text"": 27, ""INI"": 20, ""reStructuredText"": 18, ""CSS"": 8, ""TOML"": 5}"
2025-06-25 13:35:24,search-ui-legacy,1769,"{""Markdown"": 338, ""XML"": 330, ""YAML"": 270, ""Java"": 263, ""JSP"": 213, ""Velocity Template Language"": 207, ""Maven"": 117, ""Text"": 31}"
2025-06-25 13:35:24,wds-react,29015,"{""JSON"": 22626, ""TypeScript"": 4545, ""SCSS"": 825, ""Markdown"": 417, ""Text"": 195, ""YAML"": 167, ""CSS"": 118, ""JavaScript"": 71, ""SVG"": 40, ""INI"": 11}"
2025-06-25 13:35:24,portal-legacy-docker,106,"{""make"": 50, ""Markdown"": 22, ""Dockerfile"": 21, ""YAML"": 13}"
2025-06-25 13:35:24,peppi,1517,"{""Python"": 556, ""Markdown"": 531, ""YAML"": 322, ""reStructuredText"": 44, ""Text"": 27, ""INI"": 20, ""CSS"": 8, ""TOML"": 5, ""JSON"": 4}"
2025-06-25 13:35:24,template-repo-nodejs,9161,"{""JSON"": 8553, ""Markdown"": 239, ""YAML"": 184, ""CSS"": 98, ""JSX"": 41, ""Text"": 26, ""HTML"": 13, ""JavaScript"": 5, ""SVG"": 2}"
2025-06-25 13:35:24,s3-browser-cloudfront,12094,"{""JSON"": 10072, ""JavaScript"": 1000, ""SCSS"": 284, ""Markdown"": 230, ""YAML"": 223, ""HTML"": 215, ""SVG"": 66, ""Bourne Shell"": 4}"
2025-06-25 13:35:24,s3-browser-awssdk,10324,"{""JSON"": 9750, ""Markdown"": 210, ""YAML"": 173, ""CSS"": 99, ""TypeScript"": 47, ""Text"": 26, ""HTML"": 13, ""JavaScript"": 5, ""SVG"": 1}"
2025-06-25 13:35:24,nucleus-configurator,512,"{""Markdown"": 322, ""YAML"": 164, ""Text"": 26}"
2025-06-25 13:35:24,planetary-data-login,0,{}
2025-06-25 13:35:24,nucleus-data-hauler,348,"{""Markdown"": 322, ""Text"": 26}"
2025-06-25 13:35:24,registry-client,1402,"{""Markdown"": 369, ""YAML"": 327, ""reStructuredText"": 302, ""Python"": 262, ""JSON"": 53, ""HCL"": 29, ""Text"": 27, ""INI"": 20, ""CSS"": 8, ""TOML"": 5}"
2025-06-25 13:35:24,PlanetPatrol,884,"{""YAML"": 347, ""JSON"": 297, ""Markdown"": 210, ""Text"": 26, ""SVG"": 4}"
2025-06-25 13:35:24,gis-web-client,1337,"{""JavaScript"": 518, ""Markdown"": 241, ""CSS"": 202, ""YAML"": 188, ""HTML"": 64, ""JSON"": 55, ""JSX"": 41, ""Text"": 26, ""SVG"": 2}"
2025-06-25 13:35:24,opensearch-java,242189,"{""Java"": 188673, ""YAML"": 49370, ""Markdown"": 1699, ""XML"": 736, ""Mustache"": 599, ""Gradle"": 586, ""Bourne Shell"": 214, ""Text"": 210, ""DOS Batch"": 71, ""Dockerfile"": 19, ""Properties"": 11, ""SVG"": 1}"
2025-06-25 13:35:24,test-react-package,4490,"{""JSON"": 4300, ""TypeScript"": 151, ""JavaScript"": 30, ""SCSS"": 9}"
2025-06-25 13:35:24,test-react-app,4128,"{""JSON"": 3874, ""CSS"": 98, ""TypeScript"": 74, ""Markdown"": 40, ""JavaScript"": 27, ""HTML"": 13, ""SVG"": 2}"
2025-06-25 13:35:24,cosmo-sign,827,"{""YAML"": 335, ""Markdown"": 334, ""Python"": 51, ""HCL"": 29, ""Text"": 27, ""INI"": 20, ""reStructuredText"": 18, ""CSS"": 8, ""TOML"": 5}"
2025-06-25 13:35:24,pds4-context-products,305673,"{""XML"": 302291, ""CSV"": 3131, ""Text"": 195, ""Markdown"": 52, ""SQL"": 4}"
2025-06-25 13:35:24,portal-drupal,639,"{""HCL"": 310, ""Markdown"": 242, ""YAML"": 49, ""Text"": 27, ""Dockerfile"": 8, ""Bourne Shell"": 3}"
2025-06-25 13:35:24,pds-mcp-infra,879,"{""Markdown"": 384, ""YAML"": 337, ""Python"": 51, ""HCL"": 29, ""Text"": 27, ""INI"": 20, ""reStructuredText"": 18, ""CSS"": 8, ""TOML"": 5}"
2025-06-25 13:35:24,nucleus-tools.py,840,"{""Markdown"": 345, ""YAML"": 337, ""Python"": 51, ""HCL"": 29, ""Text"": 27, ""INI"": 20, ""reStructuredText"": 18, ""CSS"": 8, ""TOML"": 5}"
2025-06-25 13:35:24,nucleus-tools-java,1096,"{""Markdown"": 338, ""YAML"": 322, ""Maven"": 183, ""Java"": 113, ""XML"": 65, ""HCL"": 29, ""Text"": 26, ""Bourne Shell"": 9, ""Dockerfile"": 6, ""Properties"": 5}"
2025-06-25 13:35:24,cloud-tools,1038,"{""YAML"": 337, ""Markdown"": 313, ""Python"": 281, ""HCL"": 29, ""Text"": 27, ""INI"": 20, ""reStructuredText"": 18, ""CSS"": 8, ""TOML"": 5}"
2025-06-25 13:35:24,pds4-viewer-support,2,"{""Markdown"": 2}"
2025-06-25 13:35:24,RSdataViewer,827,"{""YAML"": 335, ""Markdown"": 334, ""Python"": 51, ""HCL"": 29, ""Text"": 27, ""INI"": 20, ""reStructuredText"": 18, ""CSS"": 8, ""TOML"": 5}"
2025-06-25 13:35:24,img-msn-int,7,"{""Markdown"": 7}"
2025-06-25 13:35:24,cloud-ops,76,"{""YAML"": 74, ""Markdown"": 2}"
2025-06-25 14:33:01,pds-view,7707,"{""Python"": 4117, ""HTML"": 1584, ""Velocity Template Language"": 920, ""Text"": 455, ""SVG"": 219, ""Markdown"": 184, ""reStructuredText"": 155, ""XML"": 41, ""YAML"": 31, ""JSON"": 1}"
2025-06-25 14:33:01,feedback-widget,1265,"{""JavaScript"": 511, ""CSS"": 507, ""Markdown"": 145, ""YAML"": 67, ""PHP"": 21, ""Bourne Shell"": 13, ""SVG"": 1}"
2025-06-25 14:33:01,nasa-pds.github.io,70515,"{""HTML"": 41592, ""reStructuredText"": 13552, ""JavaScript"": 11378, ""SVG"": 2732, ""CSS"": 797, ""Markdown"": 209, ""YAML"": 139, ""Python"": 41, ""Text"": 32, ""DOS Batch"": 26, ""make"": 13, ""JSON"": 4}"
2025-06-25 14:33:01,validate,1623261,"{""CSV"": 1048569, ""SQL"": 302504, ""XML"": 100525, ""XSD"": 70937, ""JSON"": 39203, ""Java"": 24200, ""Scheme"": 20415, ""Text"": 5107, ""Markdown"": 3574, ""XSLT"": 2877, ""HTML"": 2714, ""Properties"": 502, ""YAML"": 386, ""Maven"": 372, ""Velocity Template Language"": 350, ""Cucumber"": 288, ""Bourne Again Shell"": 210, ""DTD"": 144, ""HCL"": 135, ""Bourne Shell"": 126, ""Python"": 71, ""DOS Batch"": 32, ""Dockerfile"": 10, ""TeX"": 10}"
2025-06-25 14:33:01,pds3-product-tools,85298,"{""Java"": 82653, ""XML"": 1168, ""ANTLR Grammar"": 485, ""YAML"": 257, ""Maven"": 178, ""Text"": 173, ""Markdown"": 136, ""Properties"": 97, ""Velocity Template Language"": 75, ""HTML"": 41, ""Ant"": 31, ""JSON"": 4}"
2025-06-25 14:33:01,pds4-jparser,186399,"{""XSD"": 121884, ""HTML"": 21338, ""Java"": 13905, ""XML"": 9767, ""CSV"": 7191, ""Scheme"": 6226, ""Text"": 2273, ""SQL"": 2064, ""Markdown"": 422, ""Velocity Template Language"": 417, ""Maven"": 390, ""YAML"": 286, ""Ant"": 79, ""Properties"": 37, ""Bourne Again Shell"": 36, ""Bourne Shell"": 29, ""DOS Batch"": 29, ""XSLT"": 22, ""JSON"": 4}"
2025-06-25 14:33:01,transform,11625,"{""Java"": 4384, ""XML"": 3769, ""Velocity Template Language"": 1795, ""Python"": 580, ""Maven"": 292, ""YAML"": 284, ""Markdown"": 188, ""Text"": 169, ""XSLT"": 113, ""Bourne Shell"": 19, ""DOS Batch"": 17, ""Properties"": 8, ""JSON"": 4, ""CSV"": 3}"
2025-06-25 14:33:01,pds4-information-model,1590344,"{""XML"": 1342110, ""XSD"": 72962, ""JSON"": 53156, ""HTML"": 40269, ""Java"": 26684, ""Scheme"": 19017, ""Properties"": 13896, ""JavaScript"": 11791, ""Text"": 3174, ""CSS"": 2295, ""Markdown"": 2244, ""YAML"": 704, ""Maven"": 619, ""Velocity Template Language"": 596, ""CSV"": 516, ""Bourne Shell"": 138, ""Cucumber"": 78, ""Python"": 50, ""DOS Batch"": 33, ""SVG"": 9, ""SQL"": 3}"
2025-06-25 14:33:01,template-repo-java,902,"{""Markdown"": 338, ""YAML"": 286, ""Maven"": 114, ""XML"": 65, ""Java"": 39, ""HCL"": 29, ""Text"": 26, ""Properties"": 5}"
2025-06-25 14:33:01,harvest,5270,"{""Java"": 2916, ""Markdown"": 907, ""XML"": 649, ""YAML"": 278, ""XSD"": 242, ""Maven"": 196, ""DOS Batch"": 31, ""Text"": 26, ""Bourne Again Shell"": 21, ""JSON"": 4}"
2025-06-25 14:33:01,pdsen-maven-parent,778,"{""Maven"": 334, ""Markdown"": 261, ""YAML"": 157, ""Text"": 26}"
2025-06-25 14:33:01,deep-archive,21192,"{""HTML"": 7128, ""XML"": 6765, ""XSD"": 2920, ""Python"": 1547, ""Text"": 797, ""SQL"": 680, ""Markdown"": 641, ""reStructuredText"": 360, ""YAML"": 262, ""CSV"": 51, ""INI"": 24, ""CSS"": 8, ""TOML"": 5, ""JSON"": 4}"
2025-06-25 14:33:01,doi-service,18481,"{""Python"": 9125, ""Markdown"": 2377, ""JSON"": 2232, ""XML"": 1872, ""YAML"": 859, ""XSD"": 643, ""HTML"": 523, ""reStructuredText"": 368, ""Cucumber"": 86, ""INI"": 80, ""Jupyter Notebook"": 75, ""CSV"": 73, ""Scheme"": 55, ""Bourne Shell"": 39, ""Text"": 31, ""Jinja Template"": 19, ""Dockerfile"": 9, ""CSS"": 8, ""TOML"": 7}"
2025-06-25 14:33:01,mi-label,12078,"{""Velocity Template Language"": 4363, ""Java"": 3625, ""XML"": 2990, ""Markdown"": 393, ""YAML"": 284, ""Maven"": 246, ""JSON"": 91, ""Bourne Shell"": 38, ""Text"": 26, ""DOS Batch"": 17, ""Properties"": 5}"
2025-06-25 14:33:01,pds-github-util,3787,"{""Python"": 2640, ""Markdown"": 549, ""YAML"": 281, ""Maven"": 148, ""reStructuredText"": 97, ""INI"": 28, ""Text"": 27, ""CSS"": 8, ""TOML"": 5, ""JSON"": 4}"
2025-06-25 14:33:01,template-repo-python,945,"{""YAML"": 394, ""Markdown"": 384, ""Python"": 60, ""HCL"": 29, ""Text"": 27, ""INI"": 20, ""reStructuredText"": 18, ""CSS"": 8, ""TOML"": 5}"
2025-06-25 14:33:01,software-issues-repo,186,"{""Text"": 171, ""Markdown"": 15}"
2025-06-25 14:33:01,pds-api-service,651,"{""Text"": 195, ""Java"": 152, ""Maven"": 143, ""Markdown"": 127, ""YAML"": 29, ""Properties"": 5}"
2025-06-25 14:33:01,pds-api-client,750,"{""Python"": 244, ""Text"": 195, ""YAML"": 165, ""reStructuredText"": 112, ""Markdown"": 22, ""CSS"": 8, ""JSON"": 4}"
2025-06-25 14:33:01,pds-api,15328,"{""YAML"": 10836, ""JSON"": 2087, ""Markdown"": 1566, ""reStructuredText"": 592, ""Python"": 103, ""Text"": 63, ""DOS Batch"": 26, ""INI"": 20, ""CSS"": 11, ""TeX"": 10, ""make"": 9, ""TOML"": 5}"
2025-06-25 14:33:01,pdsen-corral,313,"{""Markdown"": 226, ""YAML"": 57, ""Text"": 26, ""JSON"": 4}"
2025-06-25 14:33:01,cdrom-migration,97,"{""Markdown"": 97}"
2025-06-25 14:33:01,portal-wp-tasks,210,"{""Text"": 195, ""Markdown"": 15}"
2025-06-25 14:33:01,web-modernization,210,"{""Text"": 195, ""Markdown"": 15}"
2025-06-25 14:33:01,pds-report-service,210,"{""Text"": 195, ""Markdown"": 15}"
2025-06-25 14:33:01,pds-swg,343,"{""Text"": 195, ""Markdown"": 148}"
2025-06-25 14:33:01,operations,51682,"{""XML"": 49625, ""Python"": 958, ""YAML"": 566, ""Markdown"": 343, ""Bourne Shell"": 123, ""HTML"": 35, ""Text"": 32}"
2025-06-25 14:33:01,pds-api-javalib,1828,"{""YAML"": 1544, ""Maven"": 210, ""Markdown"": 70, ""JSON"": 4}"
2025-06-25 14:33:01,wds-web,629,"{""JavaScript"": 225, ""Text"": 195, ""CSS"": 129, ""YAML"": 44, ""Markdown"": 33, ""SVG"": 3}"
2025-06-25 14:33:01,wds-react-legacy,86720,"{""JSON"": 80700, ""JavaScript"": 5292, ""YAML"": 240, ""Text"": 198, ""Markdown"": 130, ""CSS"": 108, ""HTML"": 51, ""SVG"": 1}"
2025-06-25 14:33:01,portal-tasks,3,"{""Markdown"": 3}"
2025-06-25 14:33:01,registry-mgr,3587,"{""Java"": 2236, ""Markdown"": 472, ""YAML"": 282, ""Maven"": 182, ""XML"": 169, ""JSON"": 130, ""Text"": 36, ""DOS Batch"": 31, ""CSV"": 28, ""Bourne Again Shell"": 21}"
2025-06-25 14:33:01,git-ping,392,"{""Text"": 169, ""Markdown"": 154, ""YAML"": 40, ""Dockerfile"": 19, ""Bourne Shell"": 10}"
2025-06-25 14:33:01,ldd-gen-action,316,"{""Text"": 195, ""YAML"": 67, ""Markdown"": 54}"
2025-06-25 14:33:01,pds-api-pythonlib,1560,"{""Python"": 1068, ""Text"": 195, ""Markdown"": 124, ""YAML"": 114, ""reStructuredText"": 28, ""INI"": 19, ""CSS"": 8, ""TOML"": 4}"
2025-06-25 14:33:01,github-actions-base,342,"{""Text"": 169, ""YAML"": 74, ""Markdown"": 50, ""Dockerfile"": 49}"
2025-06-25 14:33:01,roundup-action,2014,"{""Python"": 1145, ""Markdown"": 361, ""Text"": 196, ""YAML"": 194, ""Bourne Shell"": 64, ""Dockerfile"": 50, ""JSON"": 4}"
2025-06-25 14:33:01,doi-ui,64435,"{""JSON"": 40257, ""JSX"": 21520, ""JavaScript"": 1707, ""CSS"": 552, ""YAML"": 219, ""Markdown"": 101, ""PHP"": 41, ""HTML"": 27, ""SVG"": 8, ""Text"": 3}"
2025-06-25 14:33:01,tracking-service,13347,"{""Java"": 10722, ""SQL"": 1194, ""Velocity Template Language"": 452, ""Markdown"": 233, ""XML"": 220, ""Text"": 210, ""Maven"": 179, ""YAML"": 89, ""Dockerfile"": 25, ""Properties"": 14, ""Bourne Shell"": 9}"
2025-06-25 14:33:01,tracking-ui,60365,"{""JavaScript"": 32666, ""CSS"": 17331, ""SVG"": 9170, ""HTML"": 772, ""Text"": 196, ""Markdown"": 158, ""Ruby"": 72}"
2025-06-25 14:33:01,api-search-query-lexer,713,"{""Java"": 212, ""Markdown"": 202, ""Maven"": 124, ""YAML"": 115, ""ANTLR Grammar"": 26, ""Text"": 26, ""JSON"": 4, ""Properties"": 4}"
2025-06-25 14:33:01,registry-api-service,9220,"{""Java"": 4729, ""JSON"": 3122, ""Markdown"": 370, ""Maven"": 275, ""HCL"": 261, ""YAML"": 124, ""Dockerfile"": 121, ""XML"": 80, ""Python"": 76, ""Text"": 42, ""Properties"": 20}"
2025-06-25 14:33:01,registry-ingest-util-legacy,1150,"{""Python"": 816, ""Text"": 197, ""Markdown"": 122, ""Mustache"": 15}"
2025-06-25 14:33:01,registry-common,10057,"{""Java"": 9147, ""YAML"": 274, ""Markdown"": 266, ""Maven"": 140, ""XSD"": 108, ""XML"": 96, ""Text"": 26}"
2025-06-25 14:33:01,search-api-notebook,1561,"{""Markdown"": 872, ""Jupyter Notebook"": 558, ""YAML"": 81, ""Text"": 46, ""JSON"": 4}"
2025-06-25 14:33:01,planetary-data-cloud,711,"{""Markdown"": 240, ""HCL"": 204, ""Text"": 195, ""Python"": 72}"
2025-06-25 14:33:01,registry-dashboards,532,"{""Text"": 196, ""YAML"": 196, ""Markdown"": 52, ""Python"": 29, ""reStructuredText"": 28, ""INI"": 19, ""CSS"": 8, ""TOML"": 4}"
2025-06-25 14:33:01,planetarydata.org,11064,"{""Python"": 4141, ""XML"": 3308, ""Text"": 2338, ""JSON"": 429, ""CSS"": 396, ""HTML"": 157, ""JavaScript"": 103, ""Maven"": 63, ""Velocity Template Language"": 63, ""YAML"": 46, ""Markdown"": 20}"
2025-06-25 14:33:01,registry-ci,4693,"{""JSON"": 3118, ""Maven"": 670, ""Text"": 243, ""Bourne Shell"": 169, ""YAML"": 158, ""Markdown"": 120, ""HCL"": 89, ""XML"": 85, ""Dockerfile"": 27, ""Properties"": 14}"
2025-06-25 14:33:01,pds-doi-legacy,4503,"{""Python"": 3552, ""XML"": 536, ""Text"": 195, ""Markdown"": 190, ""reStructuredText"": 22, ""CSS"": 8}"
2025-06-25 14:33:01,supplementer,2621,"{""Java"": 1845, ""Markdown"": 237, ""XML"": 179, ""YAML"": 148, ""Maven"": 135, ""DOS Batch"": 31, ""Text"": 26, ""Bourne Again Shell"": 20}"
2025-06-25 14:33:01,devops,219,"{""Text"": 195, ""Markdown"": 24}"
2025-06-25 14:33:01,.github,435,"{""YAML"": 388, ""Markdown"": 47}"
2025-06-25 14:33:01,system-i-n-t,170,"{""Text"": 169, ""Markdown"": 1}"
2025-06-25 14:33:01,pds4-graph,14023,"{""Jupyter Notebook"": 12343, ""Python"": 1078, ""Markdown"": 239, ""Text"": 195, ""YAML"": 115, ""reStructuredText"": 22, ""INI"": 19, ""CSS"": 8, ""TOML"": 4}"
2025-06-25 14:33:01,pds-web-mgmt,1,"{""Markdown"": 1}"
2025-06-25 14:33:01,nucleus,5158,"{""HCL"": 2349, ""Python"": 1108, ""Markdown"": 615, ""reStructuredText"": 328, ""YAML"": 309, ""JSON"": 213, ""Bourne Shell"": 114, ""Text"": 41, ""SQL"": 25, ""Dockerfile"": 23, ""INI"": 20, ""CSS"": 8, ""TOML"": 5}"
2025-06-25 14:33:01,registry,8237,"{""JSON"": 4386, ""Markdown"": 1683, ""Python"": 616, ""reStructuredText"": 556, ""YAML"": 440, ""XML"": 295, ""Bourne Shell"": 130, ""Properties"": 36, ""Text"": 27, ""DOS Batch"": 26, ""INI"": 20, ""make"": 9, ""CSS"": 8, ""TOML"": 5}"
2025-06-25 14:33:01,ldd-manager,1199,"{""Python"": 581, ""Markdown"": 320, ""YAML"": 216, ""Text"": 27, ""reStructuredText"": 22, ""INI"": 20, ""CSS"": 8, ""TOML"": 5}"
2025-06-25 14:33:01,registry-loader,937,"{""Markdown"": 311, ""YAML"": 284, ""Bourne Shell"": 118, ""Maven"": 77, ""XML"": 57, ""Java"": 39, ""Text"": 26, ""Dockerfile"": 24, ""Properties"": 1}"
2025-06-25 14:33:01,registry-api,11128,"{""Java"": 5398, ""Markdown"": 1812, ""YAML"": 1747, ""Maven"": 906, ""Python"": 416, ""HCL"": 251, ""JavaScript"": 134, ""Text"": 89, ""XML"": 80, ""HTML"": 59, ""ANTLR Grammar"": 52, ""SVG"": 52, ""CSS"": 43, ""Dockerfile"": 43, ""Properties"": 37, ""Bourne Shell"": 5, ""JSON"": 4}"
2025-06-25 14:33:01,web-analytics,1123,"{""SQL"": 414, ""Markdown"": 304, ""YAML"": 166, ""Python"": 157, ""Text"": 27, ""reStructuredText"": 22, ""INI"": 20, ""CSS"": 8, ""TOML"": 5}"
2025-06-25 14:33:01,PDS-Pipelines,7507,"{""Python"": 4983, ""JSON"": 1945, ""YAML"": 234, ""Markdown"": 161, ""Jupyter Notebook"": 121, ""Text"": 20, ""Dockerfile"": 16, ""SQL"": 11, ""XML"": 11, ""Bourne Shell"": 5}"
2025-06-25 14:33:01,proxycrypt,296,"{""Markdown"": 204, ""YAML"": 39, ""Text"": 26, ""Dockerfile"": 17, ""Bourne Shell"": 10}"
2025-06-25 14:33:01,merge-branch,463,"{""JSON"": 224, ""Ruby"": 116, ""Markdown"": 85, ""YAML"": 32, ""Dockerfile"": 6}"
2025-06-25 14:33:01,pds-thin-egress-app,6783,"{""Python"": 2812, ""Jinja Template"": 1072, ""Markdown"": 764, ""YAML"": 690, ""Bourne Shell"": 420, ""Text"": 336, ""HCL"": 277, ""make"": 207, ""HTML"": 192, ""Dockerfile"": 13}"
2025-06-25 14:33:01,api-subpath,260,"{""Markdown"": 198, ""Dockerfile"": 24, ""YAML"": 19, ""Bourne Shell"": 10, ""Python"": 9}"
2025-06-25 14:33:01,planetary-data-engine,861,"{""Markdown"": 346, ""YAML"": 219, ""Jupyter Notebook"": 163, ""Python"": 51, ""Text"": 31, ""INI"": 20, ""reStructuredText"": 18, ""CSS"": 8, ""TOML"": 5}"
2025-06-25 14:33:01,data-upload-manager,5772,"{""Python"": 2606, ""HCL"": 1077, ""Markdown"": 641, ""JSON"": 539, ""reStructuredText"": 393, ""YAML"": 339, ""JavaScript"": 76, ""INI"": 56, ""Text"": 27, ""CSS"": 8, ""Bourne Shell"": 5, ""TOML"": 5}"
2025-06-25 14:33:01,template-repo-cpp,2,"{""Markdown"": 2}"
2025-06-25 14:33:01,logging-core,699,"{""Markdown"": 359, ""YAML"": 211, ""Python"": 51, ""Text"": 27, ""INI"": 20, ""reStructuredText"": 18, ""CSS"": 8, ""TOML"": 5}"
2025-06-25 14:33:01,notification-service,699,"{""Markdown"": 359, ""YAML"": 211, ""Python"": 51, ""Text"": 27, ""INI"": 20, ""reStructuredText"": 18, ""CSS"": 8, ""TOML"": 5}"
2025-06-25 14:33:01,crawler-trigger,699,"{""Markdown"": 359, ""YAML"": 211, ""Python"": 51, ""Text"": 27, ""INI"": 20, ""reStructuredText"": 18, ""CSS"": 8, ""TOML"": 5}"
2025-06-25 14:33:01,registry-sweepers,5083,"{""Python"": 3592, ""Markdown"": 523, ""JSON"": 462, ""YAML"": 352, ""HCL"": 63, ""Text"": 27, ""INI"": 20, ""reStructuredText"": 18, ""Dockerfile"": 13, ""CSS"": 8, ""TOML"": 5}"
2025-06-25 14:33:01,registry-operations,816,"{""Markdown"": 253, ""Python"": 244, ""YAML"": 211, ""JSON"": 30, ""Text"": 27, ""INI"": 20, ""reStructuredText"": 18, ""CSS"": 8, ""TOML"": 5}"
2025-06-25 14:33:01,monitoring,1098,"{""Markdown"": 431, ""YAML"": 344, ""HCL"": 194, ""Python"": 51, ""Text"": 27, ""INI"": 20, ""reStructuredText"": 18, ""CSS"": 8, ""TOML"": 5}"
2025-06-25 14:33:01,newman-with-testrail-reporter,197,"{""Markdown"": 162, ""YAML"": 33, ""Dockerfile"": 2}"
2025-06-25 14:33:01,llms-and-pds,1329,"{""Python"": 787, ""Markdown"": 253, ""YAML"": 211, ""Text"": 27, ""INI"": 20, ""reStructuredText"": 18, ""CSS"": 8, ""TOML"": 5}"
2025-06-25 14:33:01,lasso-issues,1963,"{""Python"": 1437, ""Markdown"": 232, ""YAML"": 215, ""Text"": 27, ""INI"": 20, ""reStructuredText"": 19, ""CSS"": 8, ""TOML"": 5}"
2025-06-25 14:33:01,lasso-releasers,1051,"{""Python"": 397, ""Markdown"": 221, ""YAML"": 204, ""Maven"": 148, ""Text"": 27, ""INI"": 21, ""reStructuredText"": 20, ""CSS"": 8, ""TOML"": 5}"
2025-06-25 14:33:01,lasso-reports,1435,"{""Python"": 973, ""Markdown"": 213, ""YAML"": 123, ""reStructuredText"": 66, ""Text"": 27, ""INI"": 20, ""CSS"": 8, ""TOML"": 5}"
2025-06-25 14:33:01,lasso-requirements,630,"{""Python"": 301, ""Markdown"": 205, ""YAML"": 45, ""Text"": 27, ""INI"": 20, ""reStructuredText"": 19, ""CSS"": 8, ""TOML"": 5}"
2025-06-25 14:33:01,wds,3391,"{""JSON"": 2044, ""SCSS"": 449, ""Markdown"": 350, ""SVG"": 327, ""YAML"": 141, ""Text"": 26, ""CSS"": 17, ""HTML"": 17, ""INI"": 10, ""JavaScript"": 10}"
2025-06-25 14:33:01,solr-to-es,305,"{""Python"": 247, ""Markdown"": 44, ""Text"": 14}"
2025-06-25 14:33:01,registry-legacy-solr,103877,"{""XML"": 63112, ""Java"": 26851, ""HTML"": 6427, ""XSD"": 1448, ""Markdown"": 1201, ""Text"": 909, ""XSLT"": 828, ""Maven"": 819, ""Velocity Template Language"": 514, ""SQL"": 444, ""Bourne Shell"": 375, ""YAML"": 328, ""Properties"": 196, ""Python"": 154, ""Bourne Again Shell"": 112, ""DOS Batch"": 69, ""CSV"": 63, ""JSON"": 20, ""Dockerfile"": 7}"
2025-06-25 14:33:01,ds-view,7292,"{""JSP"": 3803, ""Java"": 1473, ""XML"": 1033, ""YAML"": 277, ""Markdown"": 259, ""Velocity Template Language"": 221, ""Maven"": 176, ""Text"": 41, ""Dockerfile"": 9}"
2025-06-25 14:33:01,email-app,1729,"{""XML"": 390, ""Velocity Template Language"": 367, ""Java"": 294, ""YAML"": 236, ""Maven"": 186, ""Markdown"": 176, ""Text"": 80}"
2025-06-25 14:33:01,pds-tf-modules,2526,"{""HCL"": 1198, ""Markdown"": 709, ""YAML"": 393, ""JSON"": 57, ""Python"": 51, ""JavaScript"": 40, ""Text"": 27, ""INI"": 20, ""reStructuredText"": 18, ""CSS"": 8, ""TOML"": 5}"
2025-06-25 14:33:01,search-ui-legacy,1769,"{""Markdown"": 338, ""XML"": 330, ""YAML"": 270, ""Java"": 263, ""JSP"": 213, ""Velocity Template Language"": 207, ""Maven"": 117, ""Text"": 31}"
2025-06-25 14:33:01,wds-react,29015,"{""JSON"": 22626, ""TypeScript"": 4545, ""SCSS"": 825, ""Markdown"": 417, ""Text"": 195, ""YAML"": 167, ""CSS"": 118, ""JavaScript"": 71, ""SVG"": 40, ""INI"": 11}"
2025-06-25 14:33:01,portal-legacy-docker,106,"{""make"": 50, ""Markdown"": 22, ""Dockerfile"": 21, ""YAML"": 13}"
2025-06-25 14:33:01,peppi,1589,"{""Python"": 623, ""Markdown"": 536, ""YAML"": 322, ""reStructuredText"": 44, ""Text"": 27, ""INI"": 20, ""CSS"": 8, ""TOML"": 5, ""JSON"": 4}"
2025-06-25 14:33:01,template-repo-nodejs,9161,"{""JSON"": 8553, ""Markdown"": 239, ""YAML"": 184, ""CSS"": 98, ""JSX"": 41, ""Text"": 26, ""HTML"": 13, ""JavaScript"": 5, ""SVG"": 2}"
2025-06-25 14:33:01,s3-browser-cloudfront,12094,"{""JSON"": 10072, ""JavaScript"": 1000, ""SCSS"": 284, ""Markdown"": 230, ""YAML"": 223, ""HTML"": 215, ""SVG"": 66, ""Bourne Shell"": 4}"
2025-06-25 14:33:01,s3-browser-awssdk,10324,"{""JSON"": 9750, ""Markdown"": 210, ""YAML"": 173, ""CSS"": 99, ""TypeScript"": 47, ""Text"": 26, ""HTML"": 13, ""JavaScript"": 5, ""SVG"": 1}"
2025-06-25 14:33:01,nucleus-configurator,512,"{""Markdown"": 322, ""YAML"": 164, ""Text"": 26}"
2025-06-25 14:33:01,planetary-data-login,0,{}
2025-06-25 14:33:01,nucleus-data-hauler,348,"{""Markdown"": 322, ""Text"": 26}"
2025-06-25 14:33:01,registry-client,1402,"{""Markdown"": 369, ""YAML"": 327, ""reStructuredText"": 302, ""Python"": 262, ""JSON"": 53, ""HCL"": 29, ""Text"": 27, ""INI"": 20, ""CSS"": 8, ""TOML"": 5}"
2025-06-25 14:33:01,PlanetPatrol,884,"{""YAML"": 347, ""JSON"": 297, ""Markdown"": 210, ""Text"": 26, ""SVG"": 4}"
2025-06-25 14:33:01,gis-web-client,1337,"{""JavaScript"": 518, ""Markdown"": 241, ""CSS"": 202, ""YAML"": 188, ""HTML"": 64, ""JSON"": 55, ""JSX"": 41, ""Text"": 26, ""SVG"": 2}"
2025-06-25 14:33:01,opensearch-java,242189,"{""Java"": 188673, ""YAML"": 49370, ""Markdown"": 1699, ""XML"": 736, ""Mustache"": 599, ""Gradle"": 586, ""Bourne Shell"": 214, ""Text"": 210, ""DOS Batch"": 71, ""Dockerfile"": 19, ""Properties"": 11, ""SVG"": 1}"
2025-06-25 14:33:01,test-react-package,4490,"{""JSON"": 4300, ""TypeScript"": 151, ""JavaScript"": 30, ""SCSS"": 9}"
2025-06-25 14:33:01,test-react-app,4128,"{""JSON"": 3874, ""CSS"": 98, ""TypeScript"": 74, ""Markdown"": 40, ""JavaScript"": 27, ""HTML"": 13, ""SVG"": 2}"
2025-06-25 14:33:01,cosmo-sign,827,"{""YAML"": 335, ""Markdown"": 334, ""Python"": 51, ""HCL"": 29, ""Text"": 27, ""INI"": 20, ""reStructuredText"": 18, ""CSS"": 8, ""TOML"": 5}"
2025-06-25 14:33:01,pds4-context-products,305673,"{""XML"": 302291, ""CSV"": 3131, ""Text"": 195, ""Markdown"": 52, ""SQL"": 4}"
2025-06-25 14:33:01,portal-drupal,639,"{""HCL"": 310, ""Markdown"": 242, ""YAML"": 49, ""Text"": 27, ""Dockerfile"": 8, ""Bourne Shell"": 3}"
2025-06-25 14:33:01,pds-mcp-infra,879,"{""Markdown"": 384, ""YAML"": 337, ""Python"": 51, ""HCL"": 29, ""Text"": 27, ""INI"": 20, ""reStructuredText"": 18, ""CSS"": 8, ""TOML"": 5}"
2025-06-25 14:33:01,nucleus-tools.py,840,"{""Markdown"": 345, ""YAML"": 337, ""Python"": 51, ""HCL"": 29, ""Text"": 27, ""INI"": 20, ""reStructuredText"": 18, ""CSS"": 8, ""TOML"": 5}"
2025-06-25 14:33:01,nucleus-tools-java,1096,"{""Markdown"": 338, ""YAML"": 322, ""Maven"": 183, ""Java"": 113, ""XML"": 65, ""HCL"": 29, ""Text"": 26, ""Bourne Shell"": 9, ""Dockerfile"": 6, ""Properties"": 5}"
2025-06-25 14:33:01,cloud-tools,1038,"{""YAML"": 337, ""Markdown"": 313, ""Python"": 281, ""HCL"": 29, ""Text"": 27, ""INI"": 20, ""reStructuredText"": 18, ""CSS"": 8, ""TOML"": 5}"
2025-06-25 14:33:01,pds4-viewer-support,2,"{""Markdown"": 2}"
2025-06-25 14:33:01,RSdataViewer,827,"{""YAML"": 335, ""Markdown"": 334, ""Python"": 51, ""HCL"": 29, ""Text"": 27, ""INI"": 20, ""reStructuredText"": 18, ""CSS"": 8, ""TOML"": 5}"
2025-06-25 14:33:01,img-msn-int,7,"{""Markdown"": 7}"
2025-06-25 14:33:01,cloud-ops,76,"{""YAML"": 74, ""Markdown"": 2}"
